0,-97
1,-124
2,-83
3,-103
4,-106
5,-124
6,-172
7,-157
8,-167
9,-155
10,-152
11,-160
12,-156
13,-67
14,-149
15,-146
16,-160
17,-88
18,-131
19,-102
20,-104
21,-173
22,-116
23,-148
24,-171
25,-149
26,-152
27,-191
28,-117
29,-88
30,-153
31,-74
32,-132
33,-135
34,-104
35,-121
36,-80
37,-141
38,-47
39,-142
40,-193
41,-84
42,-91
43,-175
44,-181
45,-155
46,-154
47,-123
48,-134
49,-181
50,-123
51,-85
52,-129
53,-129
54,-151
55,-117
56,-199
57,-85
58,-158
59,-157
60,-135
61,-135
62,-95
63,-163
64,-87
65,-125
66,-71
67,-75
68,-160
69,-112
70,-158
71,-64
72,-156
73,-176
74,-75
75,-166
76,-156
77,-169
78,-116
79,-120
80,-159
81,-73
82,-113
83,-194
84,-156
85,-111
86,-71
87,-146
88,-66
89,-182
90,-115
91,-129
92,-115
93,-139
94,-56
95,-148
96,-141
97,-156
98,-116
99,-190
100,-147
101,-199
102,-171
103,-162
104,-85
105,-77
106,-144
107,-207
108,-109
109,-177
110,-144
111,-124
112,-87
113,-190
114,-173
115,-216
116,-163
117,-48
118,-164
119,-182
120,-85
121,-83
122,-131
123,-191
124,-175
125,-141
126,-159
127,-164
128,-187
129,-154
130,-136
131,-73
132,-110
133,-57
134,-165
135,-75
136,-183
137,-189
138,-120
139,-59
140,-121
141,-90
142,-136
143,-125
144,-205
145,-159
146,-64
147,-158
148,-190
149,-161
150,-170
151,-56
152,-115
153,-146
154,-159
155,-99
156,-118
157,-122
158,-117
159,-169
160,-69
161,-153
162,-104
163,-182
164,-76
165,-117
166,-145
167,-111
168,-115
169,-194
170,-148
171,-169
172,-119
173,-123
174,-63
175,-153
176,-173
177,-121
178,-178
179,-162
180,-137
181,-125
182,-67
183,-136
184,-150
185,-128
186,-107
187,-114
188,-96
189,-172
190,-135
191,-114
192,-59
193,-95
194,-145
195,-106
196,-164
197,-182
198,-98
199,-96
200,-104
201,-177
202,-155
203,-116
204,-73
205,-124
206,-119
207,-125
208,-164
209,-51
210,-158
211,-180
212,-125
213,-117
214,-143
215,-145
216,-79
217,-55
218,-128
219,-158
220,-187
221,-147
222,-204
223,-120
224,-196
225,-169
226,-154
227,-87
228,-145
229,-134
230,-108
231,-131
232,-161
233,-124
234,-90
235,-115
236,-185
237,-144
238,-97
239,-114
240,-66
241,-98
242,-141
243,-173
244,-102
245,-157
246,-160
247,-134
248,-56
249,-149
250,-157
251,-145
252,-157
253,-145
254,-132
255,-111
256,-150
257,-141
258,-97
259,-160
260,-151
261,-152
262,-168
263,-145
264,-182
265,-90
266,-147
267,-186
268,-200
269,-53
270,-108
271,-172
272,-72
273,-120
274,-175
275,-44
276,-137
277,-103
278,-174
279,-105
280,-105
281,-124
282,-177
283,-153
284,-86
285,-132
286,-207
287,-109
288,-133
289,-61
290,-167
291,-55
292,-126
293,-161
294,-180
295,-169
296,-181
297,-124
298,-160
299,-104
300,-142
301,-118
302,-106
303,-90
304,-66
305,-170
306,-93
307,-189
308,-115
309,-131
310,-173
311,-144
312,-83
313,-135
314,-168
315,-103
316,-115
317,-169
318,-87
319,-153
320,-71
321,-168
322,-126
323,-120
324,-136
325,-166
326,-149
327,-118
328,-153
329,-162
330,-121
331,-116
332,-164
333,-59
334,-120
335,-187
336,-102
337,-134
338,-206
339,-158
340,-115
341,-139
342,-112
343,-94
344,-109
345,-144
346,-165
347,-176
348,-149
349,-159
350,-146
351,-159
352,-149
353,-140
354,-157
355,-74
356,-199
357,-131
358,-81
359,-70
360,-154
361,-153
362,-123
363,-111
364,-142
365,-161
366,-129
367,-124
368,-123
369,-207
370,-139
371,-186
372,-144
373,-182
374,-61
375,-172
376,-148
377,-129
378,-175
379,-112
380,-166
381,-120
382,-155
383,-165
384,-124
385,-160
386,-83
387,-188
388,-130
389,-95
390,-109
391,-124
392,-161
393,-136
394,-163
395,-146
396,-128
397,-90
398,-160
399,-109
400,-117
401,-155
402,-128
403,-74
404,-164
405,-173
406,-200
407,-169
408,-152
409,-147
410,-115
411,-138
412,-89
413,-167
414,-117
415,-136
416,-155
417,-128
418,-97
419,-93
420,-149
421,-129
422,-148
423,-130
424,-79
425,-114
426,-125
427,-148
428,-189
429,-122
430,-73
431,-108
432,-126
433,-51
434,-108
435,-153
436,-114
437,-138
438,-158
439,-131
440,-67
441,-122
442,-104
443,-131
444,-118
445,-151
446,-119
447,-118
448,-143
449,-111
450,-109
451,-134
452,-158
453,-100
454,-147
455,-165
456,-125
457,-149
458,-123
459,-137
460,-86
461,-91
462,-100
463,-181
464,-119
465,-150
466,-212
467,-86
468,-176
469,-143
470,-129
471,-144
472,-189
473,-192
474,-169
475,-65
476,-132
477,-97
478,-170
479,-116
480,-78
481,-80
482,-59
483,-157
484,-126
485,-105
486,-93
487,-100
488,-175
489,-42
490,-101
491,-74
492,-72
493,-165
494,-171
495,-152
496,-83
497,-135
498,-116
499,-174
500,-79
501,-104
502,-81
503,-105
504,-106
505,-98
506,-119
507,-112
508,-121
509,-147
510,-108
511,-142
512,-119
513,-180
514,-127
515,-141
516,-145
517,-196
518,-105
519,-141
520,-129
521,-170
522,-114
523,-82
524,-157
525,-111
526,-149
527,-208
528,-91
529,-167
530,-130
531,-87
532,-128
533,-97
534,-183
535,-142
536,-108
537,-140
538,-166
539,-107
540,-188
541,-130
542,-128
543,-108
544,-147
545,-110
546,-138
547,-196
548,-64
549,-130
550,-114
551,-206
552,-201
553,-169
554,-117
555,-82
556,-63
557,-81
558,-154
559,-116
560,-140
561,-90
562,-165
563,-82
564,-64
565,-127
566,-65
567,-120
568,-102
569,-132
570,-136
571,-167
572,-68
573,-112
574,-96
575,-121
576,-191
577,-195
578,-136
579,-168
580,-105
581,-35
582,-109
583,-167
584,-67
585,-134
586,-148
587,-149
588,-170
589,-150
590,-115
591,-114
592,-128
593,-103
594,-125
595,-224
596,-152
597,-126
598,-88
599,-160
600,-151
601,-160
602,-162
603,-154
604,-135
605,-64
606,-135
607,-142
608,-129
609,-89
610,-146
611,-169
612,-207
613,-153
614,-155
615,-164
616,-172
617,-171
618,-107
619,-146
620,-114
621,-218
622,-151
623,-175
624,-159
625,-155
626,-95
627,-140
628,-141
629,-130
630,-92
631,-99
632,-110
633,-175
634,-59
635,-133
636,-132
637,-132
638,-158
639,-166
640,-126
641,-111
642,-159
643,-127
644,-140
645,-122
646,-83
647,-139
648,-116
649,-130
650,-92
651,-107
652,-121
653,-138
654,-120
655,-129
656,-154
657,-139
658,-159
659,-183
660,-65
661,-129
662,-153
663,-112
664,-191
665,-70
666,-200
667,-189
668,-142
669,-144
670,-139
671,-163
672,-127
673,-161
674,-172
675,-186
676,-131
677,-118
678,-183
679,-131
680,-158
681,-63
682,-154
683,-109
684,-166
685,-75
686,-79
687,-157
688,-197
689,-130
690,-120
691,-147
692,-122
693,-130
694,-145
695,-142
696,-166
697,-104
698,-164
699,-61
700,-109
701,-67
702,-149
703,-101
704,-142
705,-152
706,-104
707,-136
708,-110
709,-148
710,-157
711,-98
712,-161
713,-41
714,-66
715,-183
716,-95
717,-104
718,-200
719,-106
720,-139
721,-187
722,-123
723,-185
724,-115
725,-163
726,-143
727,-146
728,-174
729,-74
730,-170
731,-132
732,-161
733,-132
734,-75
735,-48
736,-170
737,-188
738,-150
739,-53
740,-148
741,-112
742,-180
743,-120
744,-130
745,-139
746,-188
747,-107
748,-136
749,-150
750,-62
751,-152
752,-115
753,-120
754,-94
755,-128
756,-171
757,-62
758,-78
759,-83
760,-86
761,-78
762,-112
763,-135
764,-76
765,-137
766,-115
767,-175
768,-141
769,-98
770,-166
771,-90
772,-120
773,-154
774,-69
775,-121
776,-108
777,-77
778,-141
779,-42
780,-90
781,-63
782,-144
783,-175
784,-140
785,-141
786,-149
787,-82
788,-171
789,-130
790,-190
791,-107
792,-168
793,-140
794,-59
795,-149
796,-141
797,-146
798,-184
799,-91
800,-154
801,-121
802,-120
803,-98
804,-97
805,-63
806,-85
807,-71
808,-150
809,-122
810,-150
811,-163
812,-138
813,-138
814,-139
815,-106
816,-195
817,-144
818,-86
819,-125
820,-104
821,-78
822,-183
823,-155
824,-157
825,-145
826,-134
827,-55
828,-97
829,-163
830,-127
831,-109
832,-141
833,-112
834,-95
835,-97
836,-187
837,-102
838,-212
839,-113
840,-135
841,-208
842,-138
843,-133
844,-140
845,-108
846,-142
847,-160
848,-65
849,-139
850,-87
851,-169
852,-145
853,-116
854,-176
855,-121
856,-170
857,-121
858,-193
859,-155
860,-177
861,-99
862,-97
863,-99
864,-142
865,-96
866,-144
867,-66
868,-179
869,-46
870,-165
871,-137
872,-118
873,-148
874,-58
875,-183
876,-171
877,-160
878,-171
879,-113
880,-124
881,-49
882,-139
883,-146
884,-108
885,-107
886,-165
887,-121
888,-87
889,-163
890,-147
891,-140
892,-134
893,-128
894,-148
895,-138
896,-104
897,-98
898,-58
899,-180
900,-153
901,-78
902,-104
903,-103
904,-85
905,-131
906,-141
907,-150
908,-128
909,-105
910,-112
911,-104
912,-151
913,-190
914,-166
915,-150
916,-157
917,-177
918,-107
919,-164
920,-114
921,-81
922,-160
923,-48
924,-131
925,-130
926,-170
927,-108
928,-143
929,-131
930,-128
931,-173
932,-184
933,-45
934,-103
935,-101
936,-42
937,-69
938,-104
939,-168
940,-109
941,-105
942,-149
943,-162
944,-174
945,-192
946,-75
947,-77
948,-177
949,-90
950,-180
951,-143
952,-169
953,-121
954,-101
955,-72
956,-54
957,-74
958,-113
959,-124
960,-91
961,-116
962,-194
963,-159
964,-158
965,-148
966,-137
967,-108
968,-46
969,-155
970,-62
971,-103
972,-66
973,-178
974,-156
975,-83
976,-129
977,-66
978,-82
979,-85
980,-75
981,-74
982,-119
983,-167
984,-100
985,-154
986,-67
987,-149
988,-133
989,-55
990,-142
991,-133
992,-161
993,-111
994,-174
995,-85
996,-90
997,-102
998,-154
999,-119
1000,-102
1001,-125
1002,-152
1003,-92
1004,-73
1005,-118
1006,-139
1007,-210
1008,-176
1009,-135
1010,-76
1011,-173
1012,-177
1013,-117
1014,-146
1015,-121
1016,-56
1017,-133
1018,-65
1019,-100
1020,-149
1021,-169
1022,-134
1023,-175
1024,-116
1025,-184
1026,-111
1027,-67
1028,-134
1029,-151
1030,-116
1031,-89
1032,-105
1033,-95
1034,-81
1035,-134
1036,-119
1037,-140
1038,-127
1039,-119
1040,-183
1041,-147
1042,-146
1043,-92
1044,-167
1045,-98
1046,-150
1047,-106
1048,-172
1049,-120
1050,-179
1051,-73
1052,-114
1053,-123
1054,-142
1055,-102
1056,-101
1057,-137
1058,-102
1059,-95
1060,-89
1061,-95
1062,-126
1063,-157
1064,-135
1065,-151
1066,-120
1067,-62
1068,-79
1069,-58
1070,-169
1071,-108
1072,-152
1073,-114
1074,-82
1075,-94
1076,-105
1077,-78
1078,-103
1079,-148
1080,-123
1081,-93
1082,-189
1083,-151
1084,-104
1085,-181
1086,-105
1087,-82
1088,-152
1089,-187
1090,-119
1091,-167
1092,-118
1093,-180
1094,-50
1095,-76
1096,-69
1097,-49
1098,-122
1099,-77
1100,-129
1101,-151
1102,-168
1103,-127
1104,-163
1105,-104
1106,-179
1107,-98
1108,-172
1109,-133
1110,-129
1111,-138
1112,-174
1113,-47
1114,-120
1115,-45
1116,-55
1117,-138
1118,-124
1119,-96
1120,-116
1121,-164
1122,-75
1123,-112
1124,-121
1125,-131
1126,-119
1127,-149
1128,-88
1129,-115
1130,-119
1131,-110
1132,-60
1133,-63
1134,-178
1135,-73
1136,-136
1137,-64
1138,-138
1139,-107
1140,-103
1141,-136
1142,-77
1143,-109
1144,-181
1145,-115
1146,-117
1147,-132
1148,-108
1149,-144
1150,-54
1151,-157
1152,-127
1153,-134
1154,-189
1155,-129
1156,-112
1157,-104
1158,-92
1159,-120
1160,-106
1161,-148
1162,-151
1163,-107
1164,-133
1165,-177
1166,-89
1167,-149
1168,-120
1169,-148
1170,-157
1171,-103
1172,-196
1173,-150
1174,-129
1175,-178
1176,-118
1177,-159
1178,-141
1179,-136
1180,-126
1181,-121
1182,-84
1183,-152
1184,-167
1185,-51
1186,-88
1187,-210
1188,-170
1189,-38
1190,-45
1191,-126
1192,-150
1193,-51
1194,-141
1195,-116
1196,-81
1197,-76
1198,-114
1199,-130
1200,-113
1201,-84
1202,-71
1203,-59
1204,-103
1205,-120
1206,-174
1207,-181
1208,-110
1209,-90
1210,-112
1211,-90
1212,-147
1213,-176
1214,-66
1215,-167
1216,-56
1217,-44
1218,-73
1219,-37
1220,-110
1221,-92
1222,-92
1223,-130
1224,-183
1225,-118
1226,-160
1227,-108
1228,-174
1229,-149
1230,-111
1231,-157
1232,-114
1233,-73
1234,-105
1235,-115
1236,-78
1237,-83
1238,-115
1239,-112
1240,-158
1241,-95
1242,-181
1243,-89
1244,-156
1245,-164
1246,-195
1247,-101
1248,-112
1249,-124
1250,-113
1251,-118
1252,-47
1253,-129
1254,-67
1255,-153
1256,-151
1257,-84
1258,-133
1259,-83
1260,-80
1261,-72
1262,-146
1263,-149
1264,-129
1265,-152
1266,-98
1267,-148
1268,-101
1269,-111
1270,-157
1271,-167
1272,-129
1273,-93
1274,-126
1275,-161
1276,-96
1277,-131
1278,-188
1279,-107
1280,-102
1281,-94
1282,-173
1283,-63
1284,-144
1285,-114
1286,-173
1287,-90
1288,-95
1289,-87
1290,-120
1291,-119
1292,-115
1293,-137
1294,-65
1295,-137
1296,-96
1297,-118
1298,-119
1299,-155
1300,-115
1301,-102
1302,-123
1303,-154
1304,-149
1305,-160
1306,-176
1307,-95
1308,-130
1309,-95
1310,-163
1311,-85
1312,-114
1313,-188
1314,-85
1315,-122
1316,-77
1317,-73
1318,-120
1319,-82
1320,-124
1321,-156
1322,-136
1323,-118
1324,-134
1325,-99
1326,-149
1327,-89
1328,-162
1329,-131
1330,-103
1331,-80
1332,-131
1333,-93
1334,-84
1335,-124
1336,-130
1337,-140
1338,-194
1339,-89
1340,-92
1341,-162
1342,-112
1343,-186
1344,-122
1345,-159
1346,-118
1347,-95
1348,-131
1349,-59
1350,-99
1351,-122
1352,-81
1353,-110
1354,-115
1355,-87
1356,-55
1357,-130
1358,-150
1359,-113
1360,-79
1361,-147
1362,-61
1363,-201
1364,-88
1365,-48
1366,-96
1367,-167
1368,-133
1369,-153
1370,-94
1371,-47
1372,-103
1373,-115
1374,-120
1375,-175
1376,-68
1377,-48
1378,-124
1379,-92
1380,-166
1381,-92
1382,-108
1383,-119
1384,-171
1385,-126
1386,-184
1387,-194
1388,-124
1389,-105
1390,-140
1391,-154
1392,-113
1393,-160
1394,-90
1395,-172
1396,-103
1397,-131
1398,-115
1399,-96
1400,-153
1401,-85
1402,-196
1403,-107
1404,-104
1405,-81
1406,-123
1407,-100
1408,-131
1409,-128
1410,-117
1411,-112
1412,-60
1413,-161
1414,-133
1415,-141
1416,-123
1417,-150
1418,-84
1419,-91
1420,-114
1421,-91
1422,-154
1423,-93
1424,-83
1425,-76
1426,-94
1427,-87
1428,-151
1429,-84
1430,-124
1431,-76
1432,-144
1433,-117
1434,-172
1435,-81
1436,-98
1437,-119
1438,-141
1439,-104
1440,-131
1441,-112
1442,-180
1443,-106
1444,-157
1445,-122
1446,-141
1447,-183
1448,-108
1449,-130
1450,-119
1451,-138
1452,-61
1453,-44
1454,-204
1455,-163
1456,-117
1457,-111
1458,-149
1459,-149
1460,-135
1461,-137
1462,-154
1463,-121
1464,-185
1465,-107
1466,-134
1467,-161
1468,-102
1469,-184
1470,-127
1471,-147
1472,-169
1473,-105
1474,-130
1475,-72
1476,-120
1477,-133
1478,-154
1479,-173
1480,-160
1481,-124
1482,-98
1483,-98
1484,-81
1485,-159
1486,-127
1487,-71
1488,-116
1489,-122
1490,-110
1491,-119
1492,-112
1493,-107
1494,-73
1495,-98
1496,-61
1497,-55
1498,-126
1499,-181
1500,-103
1501,-72
1502,-92
1503,-128
1504,-81
1505,-71
1506,-96
1507,-43
1508,-112
1509,-149
1510,-151
1511,-127
1512,-99
1513,-136
1514,-178
1515,-147
1516,-122
1517,-172
1518,-156
1519,-168
1520,-123
1521,-150
1522,-105
1523,-46
1524,-111
1525,-96
1526,-38
1527,-89
1528,-71
1529,-63
1530,-71
1531,-87
1532,-102
1533,-173
1534,-148
1535,-46
1536,-147
1537,-97
1538,-74
1539,-81
1540,-146
1541,-135
1542,-155
1543,-61
1544,-86
1545,-99
1546,-148
1547,-159
1548,-144
1549,-122
1550,-87
1551,-94
1552,-131
1553,-86
1554,-76
1555,-123
1556,-52
1557,-97
1558,-99
1559,-95
1560,-157
1561,-126
1562,-136
1563,-74
1564,-111
1565,-84
1566,-78
1567,-64
1568,-94
1569,-135
1570,-46
1571,-112
1572,-105
1573,-162
1574,-131
1575,-48
1576,-107
1577,-62
1578,-115
1579,-116
1580,-91
1581,-117
1582,-101
1583,-71
1584,-47
1585,-158
1586,-77
1587,-106
1588,-170
1589,-104
1590,-95
1591,-97
1592,-126
1593,-79
1594,-119
1595,-119
1596,-163
1597,-125
1598,-155
1599,-155
1600,-151
1601,-107
1602,-133
1603,-119
1604,-95
1605,-49
1606,-131
1607,-109
1608,-183
1609,-75
1610,-47
1611,-73
1612,-141
1613,-133
1614,-108
1615,-91
1616,-67
1617,-115
1618,-60
1619,-111
1620,-70
1621,-153
1622,-94
1623,-81
1624,-64
1625,-95
1626,-120
1627,-143
1628,-85
1629,-113
1630,-162
1631,-150
1632,-127
1633,-107
1634,-192
1635,-94
1636,-127
1637,-139
1638,-83
1639,-96
1640,-115
1641,-160
1642,-157
1643,-126
1644,-94
1645,-147
1646,-130
1647,-89
1648,-79
1649,-71
1650,-138
1651,-108
1652,-150
1653,-129
1654,-158
1655,-112
1656,-110
1657,-156
1658,-96
1659,-131
1660,-186
1661,-104
1662,-54
1663,-104
1664,-130
1665,-158
1666,-146
1667,-77
1668,-150
1669,-127
1670,-151
1671,-119
1672,-105
1673,-94
1674,-180
1675,-123
1676,-113
1677,-89
1678,-132
1679,-110
1680,-169
1681,-70
1682,-106
1683,-134
1684,-206
1685,-194
1686,-33
1687,-147
1688,-88
1689,-122
1690,-151
1691,-148
1692,-78
1693,-161
1694,-89
1695,-59
1696,-94
1697,-106
1698,-135
1699,-95
1700,-156
1701,-97
1702,-39
1703,-195
1704,-125
1705,-106
1706,-70
1707,-176
1708,-73
1709,-71
1710,-128
1711,-110
1712,-152
1713,-135
1714,-174
1715,-117
1716,-139
1717,-68
1718,-96
1719,-59
1720,-106
1721,-110
1722,-72
1723,-145
1724,-75
1725,-88
1726,-126
1727,-87
1728,-141
1729,-142
1730,-134
1731,-130
1732,-106
1733,-131
1734,-58
1735,-72
1736,-65
1737,-103
1738,-172
1739,-52
1740,-60
1741,-126
1742,-155
1743,-115
1744,-149
1745,-129
1746,-105
1747,-58
1748,-101
1749,-57
1750,-127
1751,-61
1752,-118
1753,-67
1754,-44
1755,-72
1756,-137
1757,-178
1758,-81
1759,-56
1760,-119
1761,-57
1762,-91
1763,-128
1764,-151
1765,-117
1766,-149
1767,-148
1768,-146
1769,-110
1770,-88
1771,-132
1772,-90
1773,-94
1774,-134
1775,-98
1776,-85
1777,-148
1778,-188
1779,-143
1780,-88
1781,-105
1782,-133
1783,-150
1784,-90
1785,-137
1786,-154
1787,-69
1788,-105
1789,-47
1790,-87
1791,-157
1792,-69
1793,-155
1794,-52
1795,-132
1796,-70
1797,-84
1798,-158
1799,-145
1800,-178
1801,-102
1802,-118
1803,-125
1804,-43
1805,-188
1806,-69
1807,-142
1808,-131
1809,-94
1810,-116
1811,-115
1812,-139
1813,-68
1814,-188
1815,-131
1816,-146
1817,-94
1818,-158
1819,-86
1820,-94
1821,-192
1822,-173
1823,-116
1824,-48
1825,-77
1826,-91
1827,-215
1828,-104
1829,-90
1830,-118
1831,-149
1832,-107
1833,-73
1834,-141
1835,-59
1836,-73
1837,-144
1838,-104
1839,-99
1840,-114
1841,-145
1842,-157
1843,-114
1844,-147
1845,-107
1846,-168
1847,-145
1848,-82
1849,-134
1850,-161
1851,-106
1852,-171
1853,-151
1854,-70
1855,-99
1856,-153
1857,-99
1858,-132
1859,-148
1860,-146
1861,-123
1862,-90
1863,-91
1864,-69
1865,-100
1866,-137
1867,-167
1868,-135
1869,-93
1870,-70
1871,-90
1872,-79
1873,-144
1874,-103
1875,-89
1876,-133
1877,-175
1878,-171
1879,-98
1880,-90
1881,-85
1882,-143
1883,-135
1884,-64
1885,-94
1886,-52
1887,-121
1888,-155
1889,-130
1890,-155
1891,-118
1892,-108
1893,-105
1894,-121
1895,-85
1896,-139
1897,-81
1898,-186
1899,-106
1900,-73
1901,-117
1902,-66
1903,-71
1904,-142
1905,-173
1906,-36
1907,-147
1908,-114
1909,-76
1910,-80
1911,-87
1912,-71
1913,-97
1914,-83
1915,-151
1916,-95
1917,-87
1918,-82
1919,-70
1920,-91
1921,-106
1922,-142
1923,-96
1924,-120
1925,-164
1926,-147
1927,-140
1928,-192
1929,-214
1930,-148
1931,-116
1932,-111
1933,-193
1934,-192
1935,-109
1936,-93
1937,-93
1938,-155
1939,-48
1940,-99
1941,-56
1942,-126
1943,-113
1944,-49
1945,-93
1946,-96
1947,-91
1948,-83
1949,-129
1950,-128
1951,-50
1952,-55
1953,-133
1954,-165
1955,-88
1956,-156
1957,-101
1958,-117
1959,-145
1960,-155
1961,-113
1962,-134
1963,-111
1964,-78
1965,-66
1966,-157
1967,-186
1968,-119
1969,-47
1970,-124
1971,-67
1972,-163
1973,-194
1974,-148
1975,-120
1976,-100
1977,-173
1978,-161
1979,-167
1980,-100
1981,-115
1982,-98
1983,-122
1984,-101
1985,-158
1986,-134
1987,-98
1988,-144
1989,-98
1990,-127
1991,-171
1992,-75
1993,-168
1994,-123
1995,-139
1996,-185
1997,-75
1998,-91
1999,-151
2000,-184
2001,-150
2002,-88
2003,-76
2004,-126
2005,-104
2006,-104
2007,-180
2008,-83
2009,-108
2010,-125
2011,-132
2012,-78
2013,-162
2014,-223
2015,-84
2016,-109
2017,-127
2018,-114
2019,-154
2020,-147
2021,-224
2022,-143
2023,-79
2024,-47
2025,-73
2026,-129
2027,-110
2028,-102
2029,-127
2030,-191
2031,-164
2032,-100
2033,-121
2034,-97
2035,-108
2036,-148
2037,-138
2038,-80
2039,-94
2040,-118
2041,-132
2042,-160
2043,-68
2044,-122
2045,-102
2046,-71
2047,-88
2048,-192
2049,-147
2050,-142
2051,-199
2052,-124
2053,-107
2054,-72
2055,-124
2056,-136
2057,-50
2058,-76
2059,-128
2060,-158
2061,-114
2062,-107
2063,-95
2064,-149
2065,-123
2066,-159
2067,-74
2068,-104
2069,-163
2070,-92
2071,-105
2072,-84
2073,-83
2074,-80
2075,-189
2076,-130
2077,-116
2078,-120
2079,-63
2080,-128
2081,-83
2082,-149
2083,-163
2084,-140
2085,-89
2086,-63
2087,-50
2088,-120
2089,-115
2090,-143
2091,-197
2092,-156
2093,-181
2094,-70
2095,-78
2096,-118
2097,-135
2098,-106
2099,-101
2100,-137
2101,-149
2102,-166
2103,-114
2104,-117
2105,-101
2106,-106
2107,-138
2108,-158
2109,-58
2110,-159
2111,-115
2112,-88
2113,-137
2114,-177
2115,-24
2116,-91
2117,-147
2118,-169
2119,-133
2120,-175
2121,-57
2122,-62
2123,-137
2124,-116
2125,-150
2126,-127
2127,-139
2128,-68
2129,-99
2130,-42
2131,-36
2132,-148
2133,-118
2134,-145
2135,-89
2136,-213
2137,-180
2138,-167
2139,-59
2140,-91
2141,-126
2142,-178
2143,-47
2144,-63
2145,-156
2146,-96
2147,-137
2148,-79
2149,-117
2150,-106
2151,-55
2152,-165
2153,-116
2154,-107
2155,-137
2156,-146
2157,-125
2158,-87
2159,-111
2160,-120
2161,-99
2162,-130
2163,-131
2164,-60
2165,-131
2166,-64
2167,-67
2168,-79
2169,-155
2170,-100
2171,-79
2172,-97
2173,-127
2174,-77
2175,-137
2176,-77
2177,-163
2178,-135
2179,-129
2180,-157
2181,-132
2182,-122
2183,-82
2184,-163
2185,-84
2186,-119
2187,-83
2188,-57
2189,-167
2190,-98
2191,-146
2192,-88
2193,-53
2194,-57
2195,-108
2196,-195
2197,-86
2198,-168
2199,-134
2200,-136
2201,-95
2202,-95
2203,-93
2204,-120
2205,-204
2206,-104
2207,-82
2208,-156
2209,-93
2210,-79
2211,-134
2212,-133
2213,-145
2214,-102
2215,-89
2216,-102
2217,-111
2218,-174
2219,-149
2220,-132
2221,-58
2222,-89
2223,-117
2224,-127
2225,-123
2226,-44
2227,-58
2228,-150
2229,-130
2230,-175
2231,-190
2232,-86
2233,-63
2234,-122
2235,-66
2236,-152
2237,-129
2238,-176
2239,-88
2240,-128
2241,-56
2242,-45
2243,-170
2244,-136
2245,-105
2246,-134
2247,-119
2248,-96
2249,-134
2250,-81
2251,-95
2252,-168
2253,-140
2254,-118
2255,-112
2256,-109
2257,-137
2258,-68
2259,-70
2260,-115
2261,-177
2262,-100
2263,-91
2264,-86
2265,-76
2266,-101
2267,-158
2268,-62
2269,-71
2270,-111
2271,-105
2272,-142
2273,-97
2274,-116
2275,-79
2276,-87
2277,-138
2278,-67
2279,-108
2280,-165
2281,-139
2282,-99
2283,-148
2284,-147
2285,-165
2286,-145
2287,-146
2288,-97
2289,-144
2290,-153
2291,-111
2292,-156
2293,-154
2294,-195
2295,-120
2296,-94
2297,-84
2298,-225
2299,-170
2300,-109
2301,-112
2302,-38
2303,-98
2304,-85
2305,-115
2306,-109
2307,-92
2308,-85
2309,-151
2310,-130
2311,-124
2312,-106
2313,-110
2314,-139
2315,-138
2316,-171
2317,-183
2318,-117
2319,-53
2320,-38
2321,-50
2322,-144
2323,-79
2324,-122
2325,-105
2326,-100
2327,-85
2328,-56
2329,-47
2330,-81
2331,-153
2332,-149
2333,-105
2334,-103
2335,-130
2336,-179
2337,-88
2338,-180
2339,-160
2340,-121
2341,-182
2342,-170
2343,-123
2344,-147
2345,-109
2346,-123
2347,-65
2348,-128
2349,-116
2350,-184
2351,-148
2352,-160
2353,-206
2354,-158
2355,-89
2356,-125
2357,-145
2358,-92
2359,-139
2360,-140
2361,-101
2362,-131
2363,-129
2364,-184
2365,-95
2366,-107
2367,-132
2368,-97
2369,-171
2370,-153
2371,-173
2372,-155
2373,-107
2374,-44
2375,-129
2376,-105
2377,-65
2378,-145
2379,-141
2380,-120
2381,-115
2382,-135
2383,-145
2384,-104
2385,-128
2386,-133
2387,-119
2388,-123
2389,-127
2390,-117
2391,-62
2392,-76
2393,-51
2394,-184
2395,-157
2396,-169
2397,-83
2398,-158
2399,-50
2400,-130
2401,-169
2402,-74
2403,-89
2404,-210
2405,-163
2406,-160
2407,-82
2408,-106
2409,-75
2410,-185
2411,-86
2412,-132
2413,-143
2414,-85
2415,-101
2416,-136
2417,-135
2418,-130
2419,-71
2420,-118
2421,-211
2422,-130
2423,-183
2424,-148
2425,-136
2426,-151
2427,-111
2428,-114
2429,-166
2430,-133
2431,-93
2432,-124
2433,-95
2434,-128
2435,-68
2436,-99
2437,-100
2438,-54
2439,-57
2440,-78
2441,-176
2442,-162
2443,-131
2444,-136
2445,-160
2446,-109
2447,-82
2448,-133
2449,-74
2450,-92
2451,-103
2452,-165
2453,-109
2454,-96
2455,-116
2456,-119
2457,-139
2458,-212
2459,-54
2460,-145
2461,-123
2462,-130
2463,-65
2464,-117
2465,-164
2466,-58
2467,-85
2468,-97
2469,-88
2470,-96
2471,-130
2472,-45
2473,-188
2474,-52
2475,-106
2476,-71
2477,-84
2478,-128
2479,-192
2480,-203
2481,-156
2482,-167
2483,-175
2484,-24
2485,-174
2486,-111
2487,-95
2488,-78
2489,-145
2490,-112
2491,-37
2492,-114
2493,-157
2494,-82
2495,-24
2496,-31
2497,-126
2498,-109
2499,-94
2500,-171
2501,-150
2502,-131
2503,-110
2504,-95
2505,-78
2506,-101
2507,-156
2508,-176
2509,-124
2510,-68
2511,-77
2512,-201
2513,-108
2514,-144
2515,-153
2516,-95
2517,-60
2518,-106
2519,-149
2520,-77
2521,-69
2522,-164
2523,-93
2524,-107
2525,-130
2526,-135
2527,-144
2528,-135
2529,-178
2530,-118
2531,-170
2532,-129
2533,-57
2534,-139
2535,-159
2536,-153
2537,-145
2538,-93
2539,-107
2540,-180
2541,-59
2542,-190
2543,-175
2544,-138
2545,-95
2546,-174
2547,-104
2548,-107
2549,-95
2550,-71
2551,-102
2552,-61
2553,-62
2554,-115
2555,-135
2556,-165
2557,-94
2558,-78
2559,-137
2560,-120
2561,-118
2562,-136
2563,-104
2564,-101
2565,-79
2566,-68
2567,-89
2568,-156
2569,-56
2570,-118
2571,-42
2572,-130
2573,-86
2574,-106
2575,-170
2576,-147
2577,-104
2578,-58
2579,-126
2580,-115
2581,-224
2582,-132
2583,-110
2584,-75
2585,-110
2586,-157
2587,-104
2588,-139
2589,-115
2590,-136
2591,-98
2592,-85
2593,-175
2594,-58
2595,-103
2596,-137
2597,-173
2598,-199
2599,-124
2600,-115
2601,-135
2602,-120
2603,-126
2604,-60
2605,-173
2606,-189
2607,-159
2608,-62
2609,-59
2610,-105
2611,-113
2612,-149
2613,-177
2614,-76
2615,-183
2616,-156
2617,-100
2618,-75
2619,-194
2620,-77
2621,-117
2622,-80
2623,-205
2624,-112
2625,-159
2626,-126
2627,-106
2628,-157
2629,-80
2630,-82
2631,-129
2632,-203
2633,-45
2634,-152
2635,-129
2636,-138
2637,-134
2638,-134
2639,-168
2640,-118
2641,-173
2642,-118
2643,-53
2644,-121
2645,-214
2646,-160
2647,-169
2648,-155
2649,-113
2650,-72
2651,-82
2652,-142
2653,-128
2654,-159
2655,-92
2656,-179
2657,-179
2658,-178
2659,-213
2660,-78
2661,-95
2662,-89
2663,-52
2664,-59
2665,-155
2666,-176
2667,-134
2668,-81
2669,-97
2670,-122
2671,-131
2672,-156
2673,-205
2674,-123
2675,-73
2676,-149
2677,-98
2678,-71
2679,-217
2680,-191
2681,-63
2682,-108
2683,-159
2684,-120
2685,-80
2686,-90
2687,-126
2688,-161
2689,-120
2690,-134
2691,-172
2692,-27
2693,-80
2694,-104
2695,-105
2696,-142
2697,-78
2698,-125
2699,-105
2700,-101
2701,-84
2702,-50
2703,-53
2704,-86
2705,-85
2706,-107
2707,-95
2708,-101
2709,-51
2710,-104
2711,-62
2712,-154
2713,-161
2714,-76
2715,-148
2716,-103
2717,-116
2718,-104
2719,-98
2720,-131
2721,-124
2722,-123
2723,-108
2724,-158
2725,-92
2726,-44
2727,-52
2728,-36
2729,-100
2730,-76
2731,-157
2732,-113
2733,-139
2734,-91
2735,-144
2736,-112
2737,-93
2738,-116
2739,-112
2740,-104
2741,-125
2742,-85
2743,-114
2744,-133
2745,-158
2746,-159
2747,-78
2748,-132
2749,-96
2750,-102
2751,-112
2752,-117
2753,-125
2754,-99
2755,-146
2756,-126
2757,-70
2758,-47
2759,-63
2760,-79
2761,-162
2762,-196
2763,-64
2764,-147
2765,-106
2766,-99
2767,-73
2768,-105
2769,-149
2770,-90
2771,-24
2772,-64
2773,-113
2774,-149
2775,-106
2776,-69
2777,-127
2778,-86
2779,-107
2780,-100
2781,-155
2782,-68
2783,-86
2784,-167
2785,-146
2786,-112
2787,-123
2788,-185
2789,-199
2790,-176
2791,-147
2792,-152
2793,-189
2794,-217
2795,-98
2796,-110
2797,-93
2798,-136
2799,-121
2800,-97
2801,-86
2802,-131
2803,-89
2804,-184
2805,-151
2806,-123
2807,-175
2808,-145
2809,-70
2810,-187
2811,-159
2812,-120
2813,-170
2814,-122
2815,-168
2816,-225
2817,-122
2818,-176
2819,-112
2820,-140
2821,-119
2822,-130
2823,-197
2824,-90
2825,-157
2826,-166
2827,-84
2828,-161
2829,-150
2830,-59
2831,-161
2832,-47
2833,-151
2834,-213
2835,-75
2836,-102
2837,-212
2838,-174
2839,-100
2840,-55
2841,-90
2842,-58
2843,-59
2844,-96
2845,-101
2846,-99
2847,-109
2848,-125
2849,-141
2850,-67
2851,-184
2852,-92
2853,-126
2854,-79
2855,-174
2856,-151
2857,-45
2858,-101
2859,-138
2860,-99
2861,-89
2862,-137
2863,-101
2864,-109
2865,-161
2866,-71
2867,-96
2868,-162
2869,-126
2870,-216
2871,-157
2872,-146
2873,-55
2874,-180
2875,-168
2876,-159
2877,-82
2878,-208
2879,-44
2880,-106
2881,-143
2882,-153
2883,-47
2884,-209
2885,-150
2886,-169
2887,-136
2888,-169
2889,-70
2890,-160
2891,-86
2892,-104
2893,-134
2894,-127
2895,-175
2896,-114
2897,-152
2898,-75
2899,-197
2900,-140
2901,-94
2902,-160
2903,-172
2904,-103
2905,-134
2906,-118
2907,-206
2908,-207
2909,-170
2910,-223
2911,-203
2912,-75
2913,-215
2914,-102
2915,-196
2916,-96
2917,-173
2918,-138
2919,-129
2920,-191
2921,-94
2922,-133
2923,-102
2924,-97
2925,-80
2926,-131
2927,-194
2928,-65
2929,-104
2930,-192
2931,-57
2932,-102
2933,-85
2934,-95
2935,-54
2936,-113
2937,-98
2938,-94
2939,-89
2940,-174
2941,-164
2942,-82
2943,-159
2944,-100
2945,-90
2946,-120
2947,-83
2948,-137
2949,-85
2950,-164
2951,-100
2952,-118
2953,-127
2954,-93
2955,-146
2956,-157
2957,-43
2958,-126
2959,-125
2960,-194
2961,-170
2962,-148
2963,-59
2964,-179
2965,-37
2966,-178
2967,-100
2968,-105
2969,-63
2970,-135
2971,-103
2972,-131
2973,-154
2974,-134
2975,-159
2976,-89
2977,-168
2978,-88
2979,-168
2980,-119
2981,-151
2982,-140
2983,-147
2984,-105
2985,-187
2986,-146
2987,-109
2988,-34
2989,-211
2990,-56
2991,-153
2992,-56
2993,-106
2994,-109
2995,-181
2996,-184
2997,-134
2998,-96
2999,-37
3000,-178
3001,-169
3002,-42
3003,-205
3004,-176
3005,-93
3006,-104
3007,-171
3008,-114
3009,-130
3010,-152
3011,-132
3012,-134
3013,-111
3014,-78
3015,-129
3016,-172
3017,-89
3018,-117
3019,-198
3020,-45
3021,-143
3022,-159
3023,-188
3024,-186
3025,-119
3026,-110
3027,-85
3028,-92
3029,-96
3030,-131
3031,-136
3032,-166
3033,-109
3034,-115
3035,-90
3036,-123
3037,-78
3038,-171
3039,-146
3040,-151
3041,-188
3042,-168
3043,-198
3044,-68
3045,-201
3046,-172
3047,-97
3048,-129
3049,-39
3050,-91
3051,-24
3052,-66
3053,-213
3054,-130
3055,-191
3056,-119
3057,-146
3058,-159
3059,-115
3060,-79
3061,-90
3062,-86
3063,-179
3064,-99
3065,-115
3066,-138
3067,-80
3068,-71
3069,-80
3070,-193
3071,-48
3072,-42
3073,-117
3074,-57
3075,-131
3076,-100
3077,-157
3078,-99
3079,-140
3080,-96
3081,-112
3082,-68
3083,-175
3084,-179
3085,-68
3086,-159
3087,-103
3088,-45
3089,-36
3090,-190
3091,-68
3092,-39
3093,-138
3094,-49
3095,-48
3096,-163
3097,-93
3098,-84
3099,-147
3100,-97
3101,-144
3102,-216
3103,-153
3104,-109
3105,-71
3106,-120
3107,-45
3108,-155
3109,-204
3110,-42
3111,-135
3112,-158
3113,-72
3114,-121
3115,-109
3116,-38
3117,-53
3118,-102
3119,-156
3120,-227
3121,-33
3122,-54
3123,-85
3124,-138
3125,-127
3126,-111
3127,-91
3128,-132
3129,-152
3130,-209
3131,-178
3132,-153
3133,-57
3134,-105
3135,-115
3136,-70
3137,-51
3138,-96
3139,-106
3140,-68
3141,-82
3142,-225
3143,-225
3144,-186
3145,-111
3146,-27
3147,-135
3148,-212
3149,-90
3150,-176
3151,-73
3152,-219
3153,-72
3154,-58
3155,-124
3156,-136
3157,-212
3158,-66
3159,-132
3160,-124
3161,-75
3162,-213
3163,-116
3164,-116
3165,-157
3166,-64
3167,-61
3168,-159
3169,-153
3170,-184
3171,-132
3172,-99
3173,-43
3174,-168
3175,-215
3176,-145
3177,-141
3178,-201
3179,-66
3180,-130
3181,-136
3182,-89
3183,-68
3184,-56
3185,-176
3186,-82
3187,-104
3188,-179
3189,-90
3190,-122
3191,-212
3192,-80
3193,-108
3194,-137
3195,-104
3196,-108
3197,-180
3198,-121
3199,-66
3200,-174
3201,-137
3202,-166
3203,-175
3204,-191
3205,-155
3206,-173
3207,-177
3208,-117
3209,-211
3210,-123
3211,-136
3212,-120
3213,-191
3214,-116
3215,-159
3216,-188
3217,-113
3218,-155
3219,-110
3220,-99
3221,-162
3222,-85
3223,-137
3224,-121
3225,-152
3226,-154
3227,-152
3228,-173
3229,-174
3230,-161
3231,-136
3232,-200
3233,-224
3234,-162
3235,-166
3236,-174
3237,-143
3238,-99
3239,-206
3240,-125
3241,-48
3242,-80
3243,-184
3244,-46
3245,-222
3246,-142
3247,-114
3248,-83
3249,-178
3250,-158
3251,-109
3252,-119
3253,-101
3254,-168
3255,-191
3256,-80
3257,-188
3258,-137
3259,-149
3260,-156
3261,-186
3262,-154
3263,-117
3264,-163
3265,-101
3266,-220
3267,-91
3268,-195
3269,-145
3270,-136
3271,-106
3272,-84
3273,-171
3274,-29
3275,-208
3276,-174
3277,-138
3278,-41
3279,-145
3280,-62
3281,-29
3282,-128
3283,-85
3284,-60
3285,-29
3286,-50
3287,-84
3288,-125
3289,-62
3290,-62
3291,-180
3292,-138
3293,-59
3294,-117
3295,-211
3296,-204
3297,-162
3298,-80
3299,-211
3300,-88
3301,-174
3302,-116
3303,-162
3304,-166
3305,-100
3306,-74
3307,-65
3308,-184
3309,-76
3310,-119
3311,-134
3312,-126
3313,-211
3314,-172
3315,-163
3316,-160
3317,-198
3318,-167
3319,-139
3320,-127
3321,-149
3322,-95
3323,-73
3324,-121
3325,-110
3326,-143
3327,-141
3328,-91
3329,-168
3330,-213
3331,-208
3332,-189
3333,-152
3334,-176
3335,-144
3336,-105
3337,-107
3338,-50
3339,-155
3340,-149
3341,-154
3342,-186
3343,-183
3344,-146
3345,-226
3346,-188
3347,-154
3348,-178
3349,-105
3350,-213
3351,-69
3352,-84
3353,-135
3354,-85
3355,-149
3356,-141
3357,-144
3358,-155
3359,-142
3360,-113
3361,-114
3362,-81
3363,-175
3364,-39
3365,-192
3366,-137
3367,-156
3368,-134
3369,-74
3370,-115
3371,-146
3372,-154
3373,-119
3374,-91
3375,-170
3376,-132
3377,-226
3378,-163
3379,-113
3380,-163
3381,-148
3382,-126
3383,-136
3384,-58
3385,-156
3386,-99
3387,-159
3388,-79
3389,-172
3390,-94
3391,-99
3392,-197
3393,-152
3394,-97
3395,-115
3396,-178
3397,-113
3398,-145
3399,-42
3400,-160
3401,-111
3402,-27
3403,-78
3404,-216
3405,-93
3406,-58
3407,-183
3408,-222
3409,-72
3410,-111
3411,-45
3412,-86
3413,-62
3414,-119
3415,-63
3416,-106
3417,-45
3418,-109
3419,-66
3420,-147
3421,-156
3422,-139
3423,-205
3424,-33
3425,-44
3426,-211
3427,-90
3428,-188
3429,-112
3430,-115
3431,-172
3432,-127
3433,-126
3434,-124
3435,-168
3436,-27
3437,-226
3438,-153
3439,-42
3440,-168
3441,-150
3442,-82
3443,-108
3444,-27
3445,-42
3446,-75
3447,-27
3448,-115
3449,-148
3450,-183
3451,-65
3452,-124
3453,-61
3454,-213
3455,-171
3456,-138
3457,-145
3458,-173
3459,-83
3460,-157
3461,-134
3462,-170
3463,-50
3464,-90
3465,-113
3466,-145
3467,-61
3468,-76
3469,-147
3470,-86
3471,-136
3472,-102
3473,-86
3474,-225
3475,-199
3476,-143
3477,-98
3478,-152
3479,-62
3480,-197
3481,-226
3482,-166
3483,-211
3484,-111
3485,-169
3486,-147
3487,-197
3488,-169
3489,-87
3490,-139
3491,-61
3492,-211
3493,-56
3494,-209
3495,-56
3496,-185
3497,-96
3498,-211
3499,-136
3500,-131
3501,-139
3502,-109
3503,-94
3504,-165
3505,-145
3506,-133
3507,-38
3508,-185
3509,-154
3510,-120
3511,-85
3512,-162
3513,-91
3514,-27
3515,-42
3516,-46
3517,-103
3518,-43
3519,-227
3520,-111
3521,-112
3522,-141
3523,-170
3524,-41
3525,-191
3526,-171
3527,-45
3528,-127
3529,-163
3530,-178
3531,-33
3532,-138
3533,-159
3534,-128
3535,-163
3536,-195
3537,-209
3538,-174
3539,-70
3540,-106
3541,-76
3542,-127
3543,-124
3544,-159
3545,-137
3546,-212
3547,-212
3548,-175
3549,-102
3550,-145
3551,-179
3552,-197
3553,-197
3554,-226
3555,-146
3556,-113
3557,-136
3558,-181
3559,-40
3560,-113
3561,-67
3562,-213
3563,-206
3564,-154
3565,-152
3566,-114
3567,-92
3568,-179
3569,-107
3570,-114
3571,-183
3572,-108
3573,-196
3574,-177
3575,-82
3576,-205
3577,-84
3578,-76
3579,-74
3580,-77
3581,-167
3582,-206
3583,-131
3584,-97
3585,-91
3586,-94
3587,-108
3588,-120
3589,-159
3590,-93
3591,-63
3592,-103
3593,-178
3594,-173
3595,-110
3596,-207
3597,-173
3598,-89
3599,-122
3600,-131
3601,-63
3602,-70
3603,-217
3604,-45
3605,-138
3606,-128
3607,-152
3608,-226
3609,-77
3610,-139
3611,-184
3612,-84
3613,-114
3614,-138
3615,-96
3616,-141
3617,-145
3618,-130
3619,-102
3620,-135
3621,-183
3622,-115
3623,-89
3624,-61
3625,-182
3626,-143
3627,-57
3628,-59
3629,-120
3630,-113
3631,-109
3632,-115
3633,-187
3634,-102
3635,-77
3636,-121
3637,-213
3638,-105
3639,-141
3640,-64
3641,-70
3642,-214
3643,-75
3644,-78
3645,-134
3646,-116
3647,-110
3648,-127
3649,-140
3650,-181
3651,-62
3652,-182
3653,-118
3654,-109
3655,-149
3656,-143
3657,-65
3658,-128
3659,-128
3660,-63
3661,-196
3662,-97
3663,-80
3664,-107
3665,-199
3666,-143
3667,-176
3668,-126
3669,-151
3670,-153
3671,-227
3672,-62
3673,-193
3674,-157
3675,-43
3676,-218
3677,-168
3678,-99
3679,-125
3680,-53
3681,-36
3682,-104
3683,-98
3684,-135
3685,-64
3686,-95
3687,-158
3688,-131
3689,-158
3690,-212
3691,-191
3692,-221
3693,-155
3694,-65
3695,-215
3696,-111
3697,-223
3698,-204
3699,-114
3700,-201
3701,-123
3702,-211
3703,-108
3704,-132
3705,-160
3706,-184
3707,-165
3708,-82
3709,-205
3710,-188
3711,-224
3712,-175
3713,-98
3714,-115
3715,-220
3716,-69
3717,-57
3718,-132
3719,-119
3720,-217
3721,-47
3722,-166
3723,-126
3724,-191
3725,-79
3726,-194
3727,-213
3728,-182
3729,-114
3730,-165
3731,-130
3732,-170
3733,-199
3734,-125
3735,-150
3736,-167
3737,-96
3738,-99
3739,-107
3740,-201
3741,-127
3742,-113
3743,-61
3744,-226
3745,-88
3746,-31
3747,-147
3748,-200
3749,-211
3750,-180
3751,-71
3752,-225
3753,-162
3754,-38
3755,-102
3756,-61
3757,-144
3758,-221
3759,-180
3760,-128
3761,-122
3762,-176
3763,-153
3764,-100
3765,-72
3766,-211
3767,-88
3768,-91
3769,-114
3770,-170
3771,-167
3772,-125
3773,-167
3774,-170
3775,-127
3776,-149
3777,-200
3778,-108
3779,-155
3780,-225
3781,-153
3782,-107
3783,-133
3784,-121
3785,-122
3786,-86
3787,-166
3788,-142
3789,-70
3790,-132
3791,-108
3792,-113
3793,-95
3794,-164
3795,-172
3796,-159
3797,-38
3798,-152
3799,-88
3800,-224
3801,-209
3802,-120
3803,-98
3804,-189
3805,-73
3806,-148
3807,-228
3808,-92
3809,-56
3810,-70
3811,-185
3812,-118
3813,-174
3814,-225
3815,-77
3816,-86
3817,-157
3818,-56
3819,-212
3820,-226
3821,-172
3822,-55
3823,-65
3824,-94
3825,-53
3826,-145
3827,-106
3828,-38
3829,-213
3830,-38
3831,-225
3832,-225
3833,-169
3834,-188
3835,-111
3836,-225
3837,-89
3838,-213
3839,-224
3840,-65
3841,-75
3842,-83
3843,-102
3844,-189
3845,-124
3846,-160
3847,-225
3848,-68
3849,-71
3850,-113
3851,-144
3852,-183
3853,-205
3854,-110
3855,-115
3856,-169
3857,-124
3858,-84
3859,-103
3860,-164
3861,-111
3862,-72
3863,-88
3864,-46
3865,-87
3866,-91
3867,-114
3868,-60
3869,-68
3870,-139
3871,-38
3872,-131
3873,-223
3874,-64
3875,-160
3876,-143
3877,-57
3878,-103
3879,-211
3880,-116
3881,-184
3882,-82
3883,-120
3884,-107
3885,-108
3886,-219
3887,-149
3888,-176
3889,-214
3890,-182
3891,-71
3892,-106
3893,-46
3894,-198
3895,-79
3896,-136
3897,-171
3898,-165
3899,-178
3900,-183
3901,-168
3902,-202
3903,-171
3904,-205
3905,-89
3906,-168
3907,-185
3908,-127
3909,-97
3910,-211
3911,-211
3912,-164
3913,-107
3914,-109
3915,-200
3916,-174
3917,-103
3918,-160
3919,-174
3920,-201
3921,-148
3922,-101
3923,-158
3924,-109
3925,-180
3926,-154
3927,-142
3928,-97
3929,-112
3930,-110
3931,-178
3932,-141
3933,-151
3934,-154
3935,-177
3936,-177
3937,-142
3938,-102
3939,-130
3940,-211
3941,-77
3942,-128
3943,-200
3944,-85
3945,-215
3946,-119
3947,-205
3948,-129
3949,-42
3950,-110
3951,-157
3952,-137
3953,-182
3954,-211
3955,-187
3956,-115
3957,-210
3958,-130
3959,-159
3960,-151
3961,-152
3962,-179
3963,-170
3964,-210
3965,-131
3966,-188
3967,-130
3968,-179
3969,-176
3970,-110
3971,-83
3972,-141
3973,-144
3974,-215
3975,-108
3976,-96
3977,-135
3978,-87
3979,-50
3980,-111
3981,-81
3982,-190
3983,-152
3984,-112
3985,-72
3986,-98
3987,-112
3988,-215
3989,-55
3990,-193
3991,-185
3992,-172
3993,-212
3994,-142
3995,-44
3996,-31
3997,-63
3998,-92
3999,-196
4000,-167
4001,-212
4002,-153
4003,-211
4004,-149
4005,-200
4006,-187
4007,-52
4008,-71
4009,-152
4010,-147
4011,-138
4012,-211
4013,-43
4014,-43
4015,-134
4016,-31
4017,-85
4018,-78
4019,-31
4020,-213
4021,-170
4022,-82
4023,-43
4024,-132
4025,-31
4026,-88
4027,-213
4028,-91
4029,-43
4030,-214
4031,-213
4032,-43
4033,-110
4034,-213
4035,-31
4036,-43
4037,-43
4038,-52
4039,-42
4040,-36
4041,-129
4042,-205
4043,-39
4044,-31
4045,-48
4046,-125
4047,-112
4048,-174
4049,-201
4050,-116
4051,-195
4052,-43
4053,-174
4054,-48
4055,-123
4056,-43
4057,-48
4058,-62
4059,-135
4060,-117
4061,-104
4062,-51
4063,-217
4064,-94
4065,-100
4066,-225
4067,-66
4068,-225
4069,-138
4070,-128
4071,-53
4072,-90
4073,-33
4074,-197
4075,-72
4076,-151
4077,-129
4078,-117
4079,-119
4080,-157
4081,-193
4082,-66
4083,-152
4084,-92
4085,-81
4086,-128
4087,-83
4088,-144
4089,-129
4090,-80
4091,-120
4092,-95
4093,-110
4094,-179
4095,-202
4096,-89
4097,-156
4098,-47
4099,-84
4100,-134
4101,-208
4102,-226
4103,-225
4104,-120
4105,-59
4106,-145
4107,-111
4108,-212
4109,-166
4110,-139
4111,-166
4112,-182
4113,-152
4114,-156
4115,-30
4116,-125
4117,-204
4118,-206
4119,-59
4120,-166
4121,-160
4122,-106
4123,-42
4124,-66
4125,-168
4126,-161
4127,-195
4128,-157
4129,-120
4130,-83
4131,-210
4132,-182
4133,-41
4134,-212
4135,-225
4136,-179
4137,-74
4138,-195
4139,-139
4140,-213
4141,-226
4142,-151
4143,-161
4144,-225
4145,-68
4146,-226
4147,-149
4148,-81
4149,-158
4150,-111
4151,-189
4152,-112
4153,-119
4154,-111
4155,-186
4156,-103
4157,-74
4158,-220
4159,-61
4160,-211
4161,-128
4162,-218
4163,-99
4164,-60
4165,-99
4166,-118
4167,-117
4168,-215
4169,-84
4170,-86
4171,-153
4172,-109
4173,-173
4174,-166
4175,-135
4176,-148
4177,-61
4178,-59
4179,-176
4180,-207
4181,-225
4182,-90
4183,-65
4184,-80
4185,-220
4186,-138
4187,-133
4188,-64
4189,-226
4190,-88
4191,-140
4192,-225
4193,-105
4194,-119
4195,-154
4196,-212
4197,-68
4198,-92
4199,-226
4200,-119
4201,-115
4202,-64
4203,-78
4204,-197
4205,-220
4206,-187
4207,-226
4208,-226
4209,-225
4210,-160
4211,-92
4212,-36
4213,-140
4214,-70
4215,-52
4216,-226
4217,-168
4218,-183
4219,-160
4220,-107
4221,-226
4222,-178
4223,-136
4224,-87
4225,-104
4226,-94
4227,-200
4228,-146
4229,-144
4230,-226
4231,-108
4232,-98
4233,-42
4234,-82
4235,-181
4236,-166
4237,-192
4238,-66
4239,-142
4240,-184
4241,-90
4242,-123
4243,-194
4244,-190
4245,-209
4246,-38
4247,-225
4248,-222
4249,-215
4250,-79
4251,-148
4252,-202
4253,-225
4254,-164
4255,-151
4256,-38
4257,-141
4258,-212
4259,-80
4260,-162
4261,-42
4262,-151
4263,-67
4264,-226
4265,-227
4266,-134
4267,-134
4268,-225
4269,-215
4270,-132
4271,-179
4272,-226
4273,-107
4274,-226
4275,-51
4276,-147
4277,-218
4278,-101
4279,-103
4280,-108
4281,-182
4282,-221
4283,-184
4284,-71
4285,-202
4286,-128
4287,-105
4288,-126
4289,-225
4290,-176
4291,-96
4292,-82
4293,-72
4294,-116
4295,-69
4296,-105
4297,-225
4298,-184
4299,-116
4300,-57
4301,-99
4302,-127
4303,-68
4304,-131
4305,-101
4306,-110
4307,-65
4308,-213
4309,-147
4310,-114
4311,-132
4312,-119
4313,-161
4314,-121
4315,-162
4316,-184
4317,-41
4318,-224
4319,-104
4320,-98
4321,-143
4322,-89
4323,-104
4324,-125
4325,-216
4326,-76
4327,-211
4328,-164
4329,-211
4330,-226
4331,-161
4332,-89
4333,-118
4334,-51
4335,-215
4336,-211
4337,-197
4338,-186
4339,-144
4340,-108
4341,-109
4342,-220
4343,-132
4344,-189
4345,-208
4346,-53
4347,-110
4348,-117
4349,-53
4350,-225
4351,-72
4352,-164
4353,-188
4354,-149
4355,-225
4356,-114
4357,-98
4358,-162
4359,-163
4360,-194
4361,-107
4362,-185
4363,-92
4364,-181
4365,-150
4366,-188
4367,-117
4368,-76
4369,-170
4370,-171
4371,-130
4372,-108
4373,-204
4374,-121
4375,-119
4376,-154
4377,-116
4378,-167
4379,-50
4380,-166
4381,-212
4382,-164
4383,-211
4384,-169
4385,-153
4386,-114
4387,-213
4388,-159
4389,-225
4390,-226
4391,-97
4392,-209
4393,-175
4394,-118
4395,-85
4396,-121
4397,-66
4398,-51
4399,-51
4400,-51
4401,-91
4402,-59
4403,-92
4404,-47
4405,-51
4406,-48
4407,-73
4408,-107
4409,-43
4410,-59
4411,-122
4412,-55
4413,-57
4414,-129
4415,-49
4416,-212
4417,-49
4418,-57
4419,-49
4420,-191
4421,-39
4422,-119
4423,-96
4424,-104
4425,-91
4426,-146
4427,-213
4428,-93
4429,-115
4430,-158
4431,-136
4432,-167
4433,-151
4434,-200
4435,-114
4436,-27
4437,-90
4438,-179
4439,-140
4440,-116
4441,-225
4442,-142
4443,-226
4444,-54
4445,-116
4446,-90
4447,-116
4448,-199
4449,-151
4450,-219
4451,-180
4452,-95
4453,-104
4454,-125
4455,-62
4456,-145
4457,-226
4458,-54
4459,-214
4460,-179
4461,-157
4462,-95
4463,-149
4464,-168
4465,-126
4466,-196
4467,-146
4468,-211
4469,-78
4470,-212
4471,-159
4472,-120
4473,-191
4474,-71
4475,-211
4476,-211
4477,-117
4478,-151
4479,-73
4480,-96
4481,-115
4482,-47
4483,-53
4484,-87
4485,-47
4486,-85
4487,-100
4488,-225
4489,-225
4490,-193
4491,-155
4492,-107
4493,-105
4494,-122
4495,-177
4496,-211
4497,-114
4498,-92
4499,-210
4500,-212
4501,-200
4502,-207
4503,-60
4504,-211
4505,-83
4506,-56
4507,-44
4508,-32
4509,-44
4510,-74
4511,-44
4512,-44
4513,-67
4514,-73
4515,-37
4516,-165
4517,-148
4518,-92
4519,-50
4520,-44
4521,-136
4522,-57
4523,-50
4524,-47
4525,-149
4526,-32
4527,-32
4528,-40
4529,-46
4530,-44
4531,-32
4532,-43
4533,-222
4534,-172
4535,-37
4536,-92
4537,-176
4538,-138
4539,-106
4540,-179
4541,-133
4542,-165
4543,-199
4544,-146
4545,-115
4546,-212
4547,-213
4548,-211
4549,-212
4550,-118
4551,-212
4552,-133
4553,-80
4554,-180
4555,-213
4556,-200
4557,-180
4558,-174
4559,-177
4560,-182
4561,-211
4562,-208
4563,-212
4564,-211
4565,-126
4566,-94
4567,-213
4568,-145
4569,-213
4570,-213
4571,-89
4572,-141
4573,-131
4574,-211
4575,-171
4576,-121
4577,-145
4578,-115
4579,-213
4580,-175
4581,-173
4582,-76
4583,-212
4584,-37
4585,-212
4586,-60
4587,-187
4588,-65
4589,-152
4590,-212
4591,-213
4592,-37
4593,-204
4594,-70
4595,-84
4596,-211
4597,-176
4598,-213
4599,-143
4600,-157
4601,-212
4602,-140
4603,-149
4604,-135
4605,-213
4606,-211
4607,-190
4608,-211
4609,-178
4610,-213
4611,-153
4612,-107
4613,-170
4614,-212
4615,-105
4616,-204
4617,-213
4618,-211
4619,-213
4620,-101
4621,-138
4622,-109
4623,-161
4624,-211
4625,-175
4626,-212
4627,-84
4628,-173
4629,-148
4630,-48
4631,-212
4632,-130
4633,-97
4634,-140
4635,-124
4636,-212
4637,-212
4638,-213
4639,-212
4640,-185
4641,-189
4642,-144
4643,-174
4644,-175
4645,-196
4646,-210
4647,-208
4648,-70
4649,-212
4650,-134
4651,-211
4652,-105
4653,-196
4654,-211
4655,-212
4656,-170
4657,-185
4658,-192
4659,-212
4660,-110
4661,-71
4662,-73
4663,-136
4664,-116
4665,-173
4666,-151
4667,-168
4668,-90
4669,-89
4670,-158
4671,-202
4672,-200
4673,-48
4674,-211
4675,-86
4676,-124
4677,-71
4678,-121
4679,-131
4680,-208
4681,-195
4682,-212
4683,-211
4684,-198
4685,-211
4686,-139
4687,-212
4688,-212
4689,-58
4690,-73
4691,-210
4692,-94
4693,-212
4694,-200
4695,-61
4696,-121
4697,-63
4698,-108
4699,-199
4700,-200
4701,-132
4702,-131
4703,-71
4704,-201
4705,-164
4706,-208
4707,-103
4708,-183
4709,-140
4710,-143
4711,-120
4712,-165
4713,-127
4714,-211
4715,-211
4716,-149
4717,-193
4718,-149
4719,-84
4720,-85
4721,-211
4722,-103
4723,-208
4724,-200
4725,-145
4726,-197
4727,-182
4728,-211
4729,-211
4730,-211
4731,-185
4732,-113
4733,-147
4734,-145
4735,-141
4736,-211
4737,-193
4738,-211
4739,-67
4740,-170
4741,-211
4742,-64
4743,-142
4744,-208
4745,-211
4746,-211
4747,-164
4748,-126
4749,-72
4750,-170
4751,-211
4752,-99
4753,-99
4754,-189
4755,-211
4756,-158
4757,-143
4758,-79
4759,-71
4760,-93
4761,-211
4762,-83
4763,-98
4764,-140
4765,-125
4766,-107
4767,-162
4768,-211
4769,-162
4770,-68
4771,-68
4772,-143
4773,-70
4774,-213
4775,-170
4776,-201
4777,-177
4778,-100
4779,-51
4780,-211
4781,-165
4782,-157
4783,-178
4784,-136
4785,-205
4786,-139
4787,-201
4788,-110
4789,-156
4790,-71
4791,-163
4792,-135
4793,-193
4794,-177
4795,-136
4796,-85
4797,-182
4798,-76
4799,-211
4800,-83
4801,-71
4802,-141
4803,-165
4804,-54
4805,-145
4806,-48
4807,-147
4808,-119
4809,-93
4810,-141
4811,-48
4812,-181
4813,-226
4814,-73
4815,-175
4816,-85
4817,-158
4818,-173
4819,-126
4820,-76
4821,-130
4822,-52
4823,-80
4824,-191
4825,-151
4826,-54
4827,-96
4828,-100
4829,-92
4830,-100
4831,-209
4832,-225
4833,-225
4834,-103
4835,-184
4836,-223
4837,-105
4838,-215
4839,-109
4840,-164
4841,-225
4842,-114
4843,-163
4844,-129
4845,-221
4846,-119
4847,-190
4848,-130
4849,-195
4850,-125
4851,-143
4852,-225
4853,-57
4854,-154
4855,-132
4856,-225
4857,-211
4858,-116
4859,-143
4860,-139
4861,-110
4862,-53
4863,-25
4864,-53
4865,-65
4866,-52
4867,-218
4868,-208
4869,-106
4870,-225
4871,-183
4872,-225
4873,-92
4874,-225
4875,-189
4876,-213
4877,-209
4878,-208
4879,-136
4880,-91
4881,-225
4882,-225
4883,-222
4884,-226
4885,-211
4886,-114
4887,-189
4888,-145
4889,-136
4890,-75
4891,-135
4892,-140
4893,-46
4894,-101
4895,-225
4896,-93
4897,-167
4898,-225
4899,-212
4900,-158
4901,-127
4902,-176
4903,-167
4904,-83
4905,-139
4906,-132
4907,-62
4908,-107
4909,-121
4910,-225
4911,-198
4912,-225
4913,-225
4914,-132
4915,-59
4916,-178
4917,-153
4918,-115
4919,-119
4920,-84
4921,-225
4922,-125
4923,-142
4924,-83
4925,-210
4926,-224
4927,-148
4928,-173
4929,-225
4930,-225
4931,-184
4932,-122
4933,-226
4934,-59
4935,-174
4936,-131
4937,-83
4938,-225
4939,-65
4940,-185
4941,-195
4942,-226
4943,-38
4944,-225
4945,-120
4946,-155
4947,-145
4948,-196
4949,-126
4950,-212
4951,-135
4952,-119
4953,-212
4954,-166
4955,-186
4956,-137
4957,-147
4958,-211
4959,-103
4960,-123
4961,-209
4962,-159
4963,-147
4964,-104
4965,-183
4966,-159
4967,-211
4968,-211
4969,-113
4970,-211
4971,-211
4972,-134
4973,-192
4974,-211
4975,-211
4976,-54
4977,-92
4978,-211
4979,-179
4980,-88
4981,-145
4982,-162
4983,-211
4984,-164
4985,-163
4986,-211
4987,-79
4988,-198
4989,-169
4990,-190
4991,-148
4992,-178
4993,-25
4994,-152
4995,-102
4996,-25
4997,-201
4998,-107
4999,-214
5000,-72
5001,-50
5002,-133
5003,-106
5004,-121
5005,-141
5006,-211
5007,-203
5008,-225
5009,-183
5010,-53
5011,-173
5012,-109
5013,-211
5014,-161
5015,-101
5016,-161
5017,-97
5018,-109
5019,-211
5020,-179
5021,-211
5022,-211
5023,-75
5024,-209
5025,-103
5026,-211
5027,-114
5028,-212
5029,-211
5030,-211
5031,-212
5032,-135
5033,-212
5034,-175
5035,-90
5036,-211
5037,-66
5038,-205
5039,-211
5040,-205
5041,-177
5042,-94
5043,-104
5044,-178
5045,-176
5046,-200
5047,-113
5048,-208
5049,-178
5050,-113
5051,-106
5052,-211
5053,-81
5054,-75
5055,-211
5056,-211
5057,-190
5058,-147
5059,-121
5060,-198
5061,-129
5062,-163
5063,-183
5064,-166
5065,-117
5066,-169
5067,-174
5068,-211
5069,-211
5070,-51
5071,-93
5072,-45
5073,-154
5074,-108
5075,-161
5076,-129
5077,-173
5078,-38
5079,-205
5080,-152
5081,-211
5082,-148
5083,-174
5084,-211
5085,-31
5086,-127
5087,-208
5088,-172
5089,-168
5090,-161
5091,-124
5092,-107
5093,-211
5094,-211
5095,-138
5096,-225
5097,-70
5098,-36
5099,-41
5100,-34
5101,-28
5102,-64
5103,-41
5104,-41
5105,-41
5106,-41
5107,-199
5108,-72
5109,-29
5110,-41
5111,-41
5112,-57
5113,-52
5114,-32
5115,-29
5116,-56
5117,-211
5118,-39
5119,-41
5120,-127
5121,-177
5122,-29
5123,-41
5124,-29
5125,-41
5126,-212
5127,-211
5128,-60
5129,-135
5130,-112
5131,-225
5132,-211
5133,-158
5134,-118
5135,-175
5136,-211
5137,-171
5138,-90
5139,-185
5140,-149
5141,-168
5142,-171
5143,-200
5144,-211
5145,-61
5146,-166
5147,-211
5148,-191
5149,-212
5150,-164
5151,-135
5152,-172
5153,-212
5154,-212
5155,-42
5156,-42
5157,-213
5158,-95
5159,-211
5160,-166
5161,-178
5162,-179
5163,-42
5164,-42
5165,-42
5166,-42
5167,-116
5168,-47
5169,-211
5170,-42
5171,-44
5172,-191
5173,-211
5174,-212
5175,-72
5176,-212
5177,-42
5178,-183
5179,-42
5180,-33
5181,-199
5182,-30
5183,-211
5184,-149
5185,-110
5186,-51
5187,-210
5188,-211
5189,-211
5190,-212
5191,-69
5192,-211
5193,-56
5194,-132
5195,-203
5196,-133
5197,-42
5198,-42
5199,-154
5200,-47
5201,-51
5202,-109
5203,-33
5204,-216
5205,-89
5206,-92
5207,-103
5208,-225
5209,-70
5210,-106
5211,-42
5212,-46
5213,-122
5214,-191
5215,-140
5216,-225
5217,-226
5218,-108
5219,-170
5220,-106
5221,-217
5222,-158
5223,-226
5224,-86
5225,-91
5226,-74
5227,-92
5228,-226
5229,-98
5230,-225
5231,-223
5232,-147
5233,-225
5234,-190
5235,-216
5236,-79
5237,-38
5238,-227
5239,-225
5240,-191
5241,-57
5242,-217
5243,-222
5244,-168
5245,-73
5246,-149
5247,-181
5248,-163
5249,-147
5250,-225
5251,-191
5252,-148
5253,-157
5254,-216
5255,-226
5256,-225
5257,-174
5258,-218
5259,-87
5260,-42
5261,-172
5262,-227
5263,-211
5264,-225
5265,-166
5266,-183
5267,-68
5268,-30
5269,-43
5270,-87
5271,-225
5272,-92
5273,-111
5274,-225
5275,-226
5276,-83
5277,-226
5278,-225
5279,-110
5280,-226
5281,-165
5282,-145
5283,-226
5284,-154
5285,-172
5286,-219
5287,-122
5288,-42
5289,-225
5290,-226
5291,-202
5292,-162
5293,-225
5294,-169
5295,-98
5296,-225
5297,-122
5298,-226
5299,-220
5300,-30
5301,-73
5302,-122
5303,-226
5304,-115
5305,-224
5306,-194
5307,-122
5308,-73
5309,-162
5310,-187
5311,-195
5312,-146
5313,-225
5314,-159
5315,-226
5316,-123
5317,-68
5318,-139
5319,-167
5320,-191
5321,-225
5322,-176
5323,-64
5324,-102
5325,-225
5326,-42
5327,-225
5328,-45
5329,-140
5330,-226
5331,-199
5332,-100
5333,-226
5334,-223
5335,-118
5336,-225
5337,-162
5338,-136
5339,-129
5340,-194
5341,-158
5342,-194
5343,-124
5344,-225
5345,-136
5346,-132
5347,-180
5348,-164
5349,-205
5350,-140
5351,-211
5352,-213
5353,-119
5354,-160
5355,-211
5356,-155
5357,-51
5358,-195
5359,-139
5360,-115
5361,-141
5362,-164
5363,-41
5364,-212
5365,-213
5366,-200
5367,-163
5368,-211
5369,-199
5370,-68
5371,-134
5372,-110
5373,-171
5374,-214
5375,-106
5376,-213
5377,-211
5378,-205
5379,-212
5380,-88
5381,-148
5382,-59
5383,-207
5384,-211
5385,-225
5386,-225
5387,-145
5388,-226
5389,-173
5390,-226
5391,-129
5392,-189
5393,-90
5394,-185
5395,-205
5396,-49
5397,-209
5398,-177
5399,-85
5400,-212
5401,-151
5402,-211
5403,-211
5404,-134
5405,-211
5406,-212
5407,-211
5408,-152
5409,-111
5410,-67
5411,-120
5412,-139
5413,-68
5414,-175
5415,-157
5416,-133
5417,-130
5418,-226
5419,-225
5420,-123
5421,-186
5422,-223
5423,-226
5424,-89
5425,-156
5426,-168
5427,-226
5428,-225
5429,-225
5430,-211
5431,-171
5432,-225
5433,-97
5434,-208
5435,-225
5436,-171
5437,-183
5438,-198
5439,-226
5440,-225
5441,-154
5442,-225
5443,-208
5444,-221
5445,-225
5446,-221
5447,-226
5448,-226
5449,-103
5450,-177
5451,-169
5452,-225
5453,-225
5454,-221
5455,-143
5456,-89
5457,-145
5458,-225
5459,-225
5460,-146
5461,-225
5462,-97
5463,-216
5464,-157
5465,-128
5466,-139
5467,-155
5468,-138
5469,-225
5470,-225
5471,-216
5472,-226
5473,-164
5474,-218
5475,-225
5476,-226
5477,-226
5478,-226
5479,-226
5480,-144
5481,-227
5482,-167
5483,-126
5484,-96
5485,-145
5486,-97
5487,-143
5488,-142
5489,-225
5490,-130
5491,-174
5492,-225
5493,-63
5494,-225
5495,-225
5496,-134
5497,-225
5498,-194
5499,-226
5500,-115
5501,-134
5502,-209
5503,-127
5504,-168
5505,-93
5506,-195
5507,-126
5508,-226
5509,-106
5510,-227
5511,-102
5512,-182
5513,-141
5514,-88
5515,-114
5516,-226
5517,-90
5518,-225
5519,-131
5520,-124
5521,-34
5522,-56
5523,-174
5524,-48
5525,-48
5526,-48
5527,-48
5528,-48
5529,-48
5530,-108
5531,-153
5532,-133
5533,-120
5534,-175
5535,-129
5536,-175
5537,-226
5538,-165
5539,-225
5540,-146
5541,-180
5542,-225
5543,-225
5544,-165
5545,-182
5546,-130
5547,-92
5548,-211
5549,-161
5550,-225
5551,-197
5552,-147
5553,-108
5554,-226
5555,-197
5556,-225
5557,-117
5558,-225
5559,-223
5560,-210
5561,-226
5562,-225
5563,-209
5564,-143
5565,-84
5566,-226
5567,-225
5568,-143
5569,-225
5570,-225
5571,-65
5572,-206
5573,-128
5574,-82
5575,-211
5576,-174
5577,-107
5578,-153
5579,-223
5580,-174
5581,-157
5582,-225
5583,-166
5584,-225
5585,-190
5586,-146
5587,-225
5588,-217
5589,-60
5590,-77
5591,-225
5592,-131
5593,-225
5594,-76
5595,-214
5596,-138
5597,-225
5598,-225
5599,-225
5600,-171
5601,-225
5602,-225
5603,-200
5604,-211
5605,-228
5606,-68
5607,-32
5608,-135
5609,-225
5610,-226
5611,-76
5612,-225
5613,-159
5614,-225
5615,-167
5616,-119
5617,-225
5618,-38
5619,-211
5620,-58
5621,-198
5622,-100
5623,-225
5624,-219
5625,-224
5626,-187
5627,-169
5628,-98
5629,-190
5630,-160
5631,-36
5632,-122
5633,-226
5634,-121
5635,-129
5636,-211
5637,-108
5638,-161
5639,-67
5640,-216
5641,-96
5642,-60
5643,-111
5644,-131
5645,-36
5646,-60
5647,-65
5648,-101
5649,-36
5650,-120
5651,-192
5652,-36
5653,-189
5654,-93
5655,-59
5656,-147
5657,-100
5658,-150
5659,-101
5660,-209
5661,-148
5662,-125
5663,-225
5664,-201
5665,-122
5666,-59
5667,-225
5668,-116
5669,-41
5670,-51
5671,-94
5672,-146
5673,-200
5674,-225
5675,-225
5676,-161
5677,-226
5678,-225
5679,-179
5680,-146
5681,-41
5682,-153
5683,-58
5684,-225
5685,-225
5686,-111
5687,-65
5688,-195
5689,-158
5690,-89
5691,-225
5692,-131
5693,-89
5694,-226
5695,-170
5696,-194
5697,-225
5698,-208
5699,-219
5700,-217
5701,-225
5702,-225
5703,-41
5704,-66
5705,-184
5706,-161
5707,-50
5708,-225
5709,-225
5710,-145
5711,-165
5712,-225
5713,-203
5714,-225
5715,-176
5716,-225
5717,-191
5718,-217
5719,-225
5720,-175
5721,-107
5722,-225
5723,-218
5724,-225
5725,-225
5726,-116
5727,-225
5728,-225
5729,-120
5730,-114
5731,-112
5732,-108
5733,-211
5734,-212
5735,-80
5736,-211
5737,-211
5738,-211
5739,-211
5740,-146
5741,-176
5742,-157
5743,-180
5744,-206
5745,-191
5746,-88
5747,-211
5748,-152
5749,-211
5750,-126
5751,-119
5752,-85
5753,-158
5754,-128
5755,-98
5756,-112
5757,-124
5758,-86
5759,-44
5760,-71
5761,-56
5762,-116
5763,-200
5764,-127
5765,-169
5766,-225
5767,-225
5768,-56
5769,-208
5770,-225
5771,-150
5772,-225
5773,-97
5774,-185
5775,-163
5776,-225
5777,-81
5778,-225
5779,-139
5780,-146
5781,-225
5782,-101
5783,-131
5784,-106
5785,-56
5786,-203
5787,-142
5788,-190
5789,-191
5790,-131
5791,-211
5792,-125
5793,-158
5794,-116
5795,-58
5796,-59
5797,-62
5798,-225
5799,-134
5800,-226
5801,-58
5802,-226
5803,-71
5804,-225
5805,-135
5806,-226
5807,-179
5808,-121
5809,-225
5810,-116
5811,-140
5812,-225
5813,-225
5814,-58
5815,-226
5816,-65
5817,-227
5818,-56
5819,-225
5820,-225
5821,-225
5822,-86
5823,-51
5824,-184
5825,-225
5826,-65
5827,-187
5828,-131
5829,-226
5830,-225
5831,-95
5832,-175
5833,-225
5834,-225
5835,-173
5836,-116
5837,-155
5838,-168
5839,-225
5840,-59
5841,-190
5842,-217
5843,-225
5844,-62
5845,-225
5846,-212
5847,-89
5848,-225
5849,-225
5850,-65
5851,-225
5852,-58
5853,-211
5854,-212
5855,-211
5856,-70
5857,-211
5858,-178
5859,-186
5860,-132
5861,-153
5862,-84
5863,-61
5864,-184
5865,-98
5866,-211
5867,-89
5868,-156
5869,-209
5870,-211
5871,-122
5872,-120
5873,-211
5874,-146
5875,-159
5876,-211
5877,-127
5878,-156
5879,-84
5880,-211
5881,-211
5882,-164
5883,-139
5884,-102
5885,-211
5886,-212
5887,-211
5888,-146
5889,-211
5890,-211
5891,-207
5892,-211
5893,-87
5894,-225
5895,-175
5896,-225
5897,-164
5898,-133
5899,-61
5900,-95
5901,-61
5902,-184
5903,-134
5904,-74
5905,-127
5906,-61
5907,-61
5908,-61
5909,-49
5910,-42
5911,-42
5912,-42
5913,-42
5914,-55
5915,-123
5916,-42
5917,-31
5918,-30
5919,-42
5920,-42
5921,-50
5922,-50
5923,-42
5924,-49
5925,-90
5926,-42
5927,-42
5928,-96
5929,-33
5930,-42
5931,-38
5932,-42
5933,-42
5934,-42
5935,-42
5936,-119
5937,-44
5938,-42
5939,-42
5940,-42
5941,-42
5942,-42
5943,-42
5944,-42
5945,-30
5946,-45
5947,-55
5948,-206
5949,-165
5950,-191
5951,-50
5952,-211
5953,-170
5954,-52
5955,-56
5956,-51
5957,-210
5958,-171
5959,-77
5960,-50
5961,-51
5962,-73
5963,-191
5964,-189
5965,-212
5966,-156
5967,-153
5968,-54
5969,-211
5970,-212
5971,-56
5972,-138
5973,-161
5974,-211
5975,-211
5976,-212
5977,-211
5978,-211
5979,-44
5980,-196
5981,-211
5982,-211
5983,-213
5984,-30
5985,-211
5986,-187
5987,-153
5988,-191
5989,-140
5990,-90
5991,-116
5992,-211
5993,-211
5994,-196
5995,-104
5996,-211
5997,-211
5998,-164
5999,-51
6000,-211
6001,-211
6002,-167
6003,-164
6004,-170
6005,-152
6006,-100
6007,-181
6008,-166
6009,-90
6010,-117
6011,-77
6012,-211
6013,-211
6014,-209
6015,-75
6016,-187
6017,-211
6018,-211
6019,-131
6020,-50
6021,-69
6022,-50
6023,-211
6024,-50
6025,-50
6026,-50
6027,-211
6028,-50
6029,-164
6030,-101
6031,-181
6032,-126
6033,-89
6034,-50
6035,-211
6036,-66
6037,-211
6038,-50
6039,-67
6040,-192
6041,-78
6042,-62
6043,-202
6044,-73
6045,-100
6046,-66
6047,-183
6048,-211
6049,-50
6050,-50
6051,-207
6052,-49
6053,-40
6054,-79
6055,-211
6056,-173
6057,-76
6058,-61
6059,-72
6060,-154
6061,-223
6062,-29
6063,-29
6064,-30
6065,-29
6066,-30
6067,-30
6068,-30
6069,-189
6070,-90
6071,-152
6072,-134
6073,-206
6074,-196
6075,-101
6076,-211
6077,-211
6078,-91
6079,-211
6080,-50
6081,-29
6082,-152
6083,-157
6084,-104
6085,-62
6086,-50
6087,-50
6088,-29
6089,-46
6090,-29
6091,-33
6092,-29
6093,-108
6094,-68
6095,-74
6096,-126
6097,-52
6098,-48
6099,-99
6100,-57
6101,-50
6102,-74
6103,-80
6104,-68
6105,-68
6106,-70
6107,-68
6108,-52
6109,-68
6110,-82
6111,-65
6112,-121
6113,-29
6114,-71
6115,-56
6116,-63
6117,-68
6118,-68
6119,-65
6120,-118
6121,-68
6122,-68
6123,-134
6124,-50
6125,-56
6126,-68
6127,-68
6128,-91
6129,-68
6130,-68
6131,-68
6132,-50
6133,-104
6134,-105
6135,-68
6136,-114
6137,-68
6138,-68
6139,-56
6140,-68
6141,-68
6142,-138
6143,-211
6144,-78
6145,-101
6146,-54
6147,-50
6148,-50
6149,-50
6150,-62
6151,-50
6152,-50
6153,-56
6154,-50
6155,-50
6156,-78
6157,-50
6158,-50
6159,-50
6160,-50
6161,-50
6162,-61
6163,-93
6164,-36
6165,-36
6166,-110
6167,-36
6168,-152
6169,-54
6170,-36
6171,-110
6172,-41
6173,-36
6174,-55
6175,-105
6176,-36
6177,-36
6178,-36
6179,-36
6180,-36
6181,-41
6182,-36
6183,-107
6184,-36
6185,-36
6186,-41
6187,-36
6188,-36
6189,-36
6190,-92
6191,-36
6192,-211
6193,-36
6194,-48
6195,-36
6196,-111
6197,-50
6198,-36
6199,-36
6200,-36
6201,-36
6202,-36
6203,-36
6204,-36
6205,-36
6206,-103
6207,-36
6208,-89
6209,-36
6210,-54
6211,-36
6212,-36
6213,-36
6214,-93
6215,-90
6216,-100
6217,-93
6218,-93
6219,-93
6220,-93
6221,-89
6222,-104
6223,-99
6224,-91
6225,-95
6226,-93
6227,-93
6228,-68
6229,-82
6230,-93
6231,-36
6232,-96
6233,-92
6234,-36
6235,-93
6236,-93
6237,-86
6238,-36
6239,-36
6240,-109
6241,-93
6242,-36
6243,-86
6244,-36
6245,-93
6246,-93
6247,-36
6248,-93
6249,-36
6250,-80
6251,-80
6252,-92
6253,-111
6254,-106
6255,-59
6256,-48
6257,-48
6258,-48
6259,-48
6260,-48
6261,-48
6262,-104
6263,-48
6264,-48
6265,-48
6266,-48
6267,-48
6268,-93
6269,-72
6270,-48
6271,-36
6272,-48
6273,-48
6274,-48
6275,-48
6276,-93
6277,-53
6278,-48
6279,-48
6280,-48
6281,-41
6282,-48
6283,-48
6284,-91
6285,-71
6286,-48
6287,-96
6288,-77
6289,-48
6290,-48
6291,-70
6292,-92
6293,-48
6294,-48
6295,-55
6296,-48
6297,-48
6298,-48
6299,-48
6300,-36
6301,-36
6302,-48
6303,-36
6304,-48
6305,-48
6306,-48
6307,-48
6308,-93
6309,-48
6310,-48
6311,-48
6312,-48
6313,-48
6314,-48
6315,-111
6316,-48
6317,-104
6318,-48
6319,-48
6320,-48
6321,-48
6322,-110
6323,-92
6324,-48
6325,-36
6326,-38
6327,-36
6328,-48
6329,-48
6330,-48
6331,-48
6332,-96
6333,-48
6334,-48
6335,-36
6336,-48
6337,-60
6338,-48
6339,-36
6340,-48
6341,-48
6342,-48
6343,-36
6344,-54
6345,-48
6346,-36
6347,-96
6348,-48
6349,-48
6350,-36
6351,-48
6352,-48
6353,-48
6354,-79
6355,-36
6356,-48
6357,-48
6358,-50
6359,-48
6360,-48
6361,-77
6362,-48
6363,-48
6364,-48
6365,-48
6366,-48
6367,-48
6368,-48
6369,-48
6370,-48
6371,-48
6372,-48
6373,-48
6374,-48
6375,-48
6376,-106
6377,-55
6378,-100
6379,-48
6380,-95
6381,-48
6382,-48
6383,-48
6384,-36
6385,-107
6386,-36
6387,-48
6388,-48
6389,-48
6390,-36
6391,-47
6392,-48
6393,-36
6394,-48
6395,-48
6396,-48
6397,-50
6398,-48
6399,-106
6400,-36
6401,-48
6402,-36
6403,-36
6404,-48
6405,-48
6406,-48
6407,-48
6408,-48
6409,-48
6410,-102
6411,-92
6412,-36
6413,-62
6414,-48
6415,-36
6416,-48
6417,-48
6418,-66
6419,-48
6420,-48
6421,-48
6422,-48
6423,-48
6424,-48
6425,-48
6426,-48
6427,-92
6428,-74
6429,-111
6430,-36
6431,-36
6432,-49
6433,-36
6434,-36
6435,-36
6436,-48
6437,-36
6438,-36
6439,-36
6440,-48
6441,-36
6442,-62
6443,-47
6444,-36
6445,-36
6446,-36
6447,-36
6448,-71
6449,-36
6450,-145
6451,-36
6452,-36
6453,-48
6454,-36
6455,-36
6456,-36
6457,-36
6458,-76
6459,-36
6460,-103
6461,-43
6462,-36
6463,-36
6464,-36
6465,-36
6466,-36
6467,-36
6468,-36
6469,-36
6470,-36
6471,-36
6472,-36
6473,-162
6474,-36
6475,-36
6476,-36
6477,-36
6478,-36
6479,-36
6480,-50
6481,-36
6482,-36
6483,-36
6484,-36
6485,-36
6486,-36
6487,-36
6488,-36
6489,-36
6490,-36
6491,-48
6492,-112
6493,-36
6494,-36
6495,-36
6496,-36
6497,-36
6498,-36
6499,-36
6500,-111
6501,-36
6502,-211
6503,-36
6504,-36
6505,-36
6506,-105
6507,-36
6508,-36
6509,-93
6510,-36
6511,-36
6512,-36
6513,-36
6514,-36
6515,-112
6516,-77
6517,-36
6518,-100
6519,-36
6520,-36
6521,-117
6522,-93
6523,-74
6524,-36
6525,-48
6526,-36
6527,-105
6528,-96
6529,-36
6530,-36
6531,-36
6532,-36
6533,-36
6534,-48
6535,-36
6536,-36
6537,-36
6538,-36
6539,-36
6540,-36
6541,-96
6542,-36
6543,-36
6544,-36
6545,-36
6546,-36
6547,-48
6548,-36
6549,-36
6550,-36
6551,-53
6552,-47
6553,-64
6554,-48
6555,-48
6556,-48
6557,-48
6558,-48
6559,-36
6560,-36
6561,-48
6562,-48
6563,-48
6564,-48
6565,-48
6566,-48
6567,-143
6568,-62
6569,-48
6570,-48
6571,-48
6572,-105
6573,-108
6574,-48
6575,-48
6576,-48
6577,-108
6578,-147
6579,-212
6580,-211
6581,-212
6582,-204
6583,-211
6584,-113
6585,-157
6586,-135
6587,-157
6588,-211
6589,-211
6590,-154
6591,-36
6592,-134
6593,-106
6594,-124
6595,-96
6596,-128
6597,-91
6598,-102
6599,-157
6600,-145
6601,-97
6602,-111
6603,-91
6604,-92
6605,-70
6606,-91
6607,-95
6608,-136
6609,-157
6610,-110
6611,-72
6612,-93
6613,-84
6614,-157
6615,-91
6616,-96
6617,-72
6618,-91
6619,-82
6620,-84
6621,-84
6622,-84
6623,-84
6624,-91
6625,-84
6626,-91
6627,-104
6628,-91
6629,-91
6630,-91
6631,-91
6632,-59
6633,-91
6634,-83
6635,-124
6636,-99
6637,-91
6638,-91
6639,-82
6640,-91
6641,-98
6642,-71
6643,-71
6644,-71
6645,-65
6646,-71
6647,-81
6648,-71
6649,-71
6650,-73
6651,-71
6652,-71
6653,-157
6654,-76
6655,-157
6656,-157
6657,-157
6658,-157
6659,-84
6660,-130
6661,-157
6662,-157
6663,-157
6664,-157
6665,-146
6666,-91
6667,-92
6668,-157
6669,-157
6670,-140
6671,-157
6672,-98
6673,-157
6674,-168
6675,-157
6676,-116
6677,-156
6678,-157
6679,-125
6680,-180
6681,-140
6682,-167
6683,-157
6684,-157
6685,-157
6686,-168
6687,-157
6688,-160
6689,-133
6690,-74
6691,-155
6692,-157
6693,-128
6694,-157
6695,-115
6696,-156
6697,-138
6698,-94
6699,-157
6700,-168
6701,-106
6702,-157
6703,-121
6704,-124
6705,-109
6706,-172
6707,-157
6708,-172
6709,-156
6710,-157
6711,-148
6712,-92
6713,-116
6714,-181
6715,-116
6716,-101
6717,-143
6718,-116
6719,-116
6720,-116
6721,-116
6722,-116
6723,-116
6724,-75
6725,-115
6726,-116
6727,-78
6728,-116
6729,-115
6730,-116
6731,-110
6732,-116
6733,-116
6734,-116
6735,-116
6736,-116
6737,-49
6738,-116
6739,-116
6740,-72
6741,-116
6742,-116
6743,-116
6744,-96
6745,-116
6746,-116
6747,-116
6748,-116
6749,-90
6750,-93
6751,-78
6752,-116
6753,-134
6754,-116
6755,-123
6756,-116
6757,-116
6758,-106
6759,-225
6760,-224
6761,-203
6762,-225
6763,-63
6764,-176
6765,-153
6766,-71
6767,-225
6768,-91
6769,-225
6770,-226
6771,-173
6772,-225
6773,-116
6774,-194
6775,-225
6776,-202
6777,-217
6778,-225
6779,-225
6780,-153
6781,-188
6782,-225
6783,-225
6784,-225
6785,-225
6786,-225
6787,-225
6788,-186
6789,-124
6790,-225
6791,-225
6792,-225
6793,-225
6794,-225
6795,-226
6796,-226
6797,-225
6798,-225
6799,-182
6800,-135
6801,-211
6802,-118
6803,-225
6804,-217
6805,-86
6806,-214
6807,-176
6808,-225
6809,-190
6810,-194
6811,-225
6812,-225
6813,-225
6814,-114
6815,-207
6816,-225
6817,-71
6818,-95
6819,-164
6820,-205
6821,-210
6822,-91
6823,-225
6824,-86
6825,-225
6826,-225
6827,-225
6828,-198
6829,-116
6830,-116
6831,-115
6832,-113
6833,-116
6834,-133
6835,-133
6836,-133
6837,-133
6838,-63
6839,-133
6840,-133
6841,-134
6842,-116
6843,-133
6844,-133
6845,-133
6846,-122
6847,-116
6848,-133
6849,-133
6850,-134
6851,-119
6852,-133
6853,-133
6854,-133
6855,-101
6856,-133
6857,-120
6858,-134
6859,-133
6860,-125
6861,-133
6862,-99
6863,-133
6864,-133
6865,-137
6866,-116
6867,-133
6868,-133
6869,-157
6870,-133
6871,-134
6872,-133
6873,-129
6874,-104
6875,-133
6876,-133
6877,-133
6878,-104
6879,-97
6880,-123
6881,-59
6882,-133
6883,-133
6884,-97
6885,-133
6886,-106
6887,-57
6888,-133
6889,-133
6890,-125
6891,-133
6892,-137
6893,-133
6894,-123
6895,-121
6896,-116
6897,-133
6898,-129
6899,-86
6900,-133
6901,-133
6902,-133
6903,-133
6904,-133
6905,-133
6906,-133
6907,-133
6908,-133
6909,-129
6910,-133
6911,-141
6912,-133
6913,-111
6914,-104
6915,-133
6916,-113
6917,-133
6918,-86
6919,-133
6920,-86
6921,-133
6922,-133
6923,-133
6924,-133
6925,-143
6926,-117
6927,-119
6928,-133
6929,-133
6930,-135
6931,-116
6932,-125
6933,-113
6934,-113
6935,-113
6936,-113
6937,-113
6938,-95
6939,-103
6940,-49
6941,-112
6942,-111
6943,-113
6944,-113
6945,-113
6946,-106
6947,-113
6948,-113
6949,-113
6950,-87
6951,-113
6952,-98
6953,-136
6954,-180
6955,-129
6956,-113
6957,-113
6958,-109
6959,-114
6960,-44
6961,-50
6962,-48
6963,-48
6964,-48
6965,-48
6966,-48
6967,-48
6968,-48
6969,-48
6970,-225
6971,-88
6972,-169
6973,-205
6974,-200
6975,-59
6976,-47
6977,-43
6978,-78
6979,-59
6980,-75
6981,-47
6982,-47
6983,-47
6984,-47
6985,-47
6986,-47
6987,-48
6988,-48
6989,-48
6990,-48
6991,-48
6992,-48
6993,-48
6994,-48
6995,-48
6996,-48
6997,-48
6998,-48
6999,-48
7000,-48
7001,-48
7002,-48
7003,-48
7004,-48
7005,-48
7006,-48
7007,-58
7008,-48
7009,-48
7010,-48
7011,-48
7012,-48
7013,-48
7014,-48
7015,-47
7016,-48
7017,-48
7018,-48
7019,-42
7020,-36
7021,-98
7022,-36
7023,-48
7024,-48
7025,-48
7026,-49
7027,-48
7028,-48
7029,-48
7030,-48
7031,-48
7032,-48
7033,-48
7034,-48
7035,-36
7036,-48
7037,-48
7038,-48
7039,-48
7040,-48
7041,-48
7042,-48
7043,-48
7044,-59
7045,-48
7046,-130
7047,-166
7048,-117
7049,-117
7050,-117
7051,-118
7052,-117
7053,-117
7054,-164
7055,-98
7056,-97
7057,-84
7058,-111
7059,-117
7060,-109
7061,-104
7062,-107
7063,-54
7064,-117
7065,-117
7066,-117
7067,-117
7068,-117
7069,-117
7070,-117
7071,-117
7072,-62
7073,-93
7074,-122
7075,-117
7076,-103
7077,-111
7078,-117
7079,-54
7080,-160
7081,-127
7082,-152
7083,-117
7084,-113
7085,-117
7086,-97
7087,-117
7088,-113
7089,-117
7090,-114
7091,-117
7092,-111
7093,-117
7094,-117
7095,-117
7096,-105
7097,-114
7098,-117
7099,-117
7100,-62
7101,-106
7102,-104
7103,-104
7104,-110
7105,-121
7106,-117
7107,-86
7108,-117
7109,-117
7110,-89
7111,-86
7112,-87
7113,-111
7114,-86
7115,-151
7116,-53
7117,-117
7118,-74
7119,-86
7120,-110
7121,-86
7122,-105
7123,-92
7124,-118
7125,-40
7126,-86
7127,-104
7128,-117
7129,-83
7130,-101
7131,-83
7132,-100
7133,-90
7134,-117
7135,-83
7136,-109
7137,-83
7138,-117
7139,-79
7140,-82
7141,-117
7142,-80
7143,-74
7144,-69
7145,-108
7146,-74
7147,-149
7148,-74
7149,-110
7150,-74
7151,-74
7152,-103
7153,-103
7154,-81
7155,-103
7156,-103
7157,-74
7158,-74
7159,-103
7160,-86
7161,-74
7162,-74
7163,-98
7164,-113
7165,-110
7166,-115
7167,-114
7168,-103
7169,-98
7170,-95
7171,-110
7172,-102
7173,-107
7174,-103
7175,-103
7176,-101
7177,-119
7178,-74
7179,-74
7180,-74
7181,-74
7182,-95
7183,-83
7184,-83
7185,-83
7186,-83
7187,-83
7188,-83
7189,-65
7190,-97
7191,-83
7192,-83
7193,-96
7194,-83
7195,-86
7196,-74
7197,-74
7198,-83
7199,-74
7200,-82
7201,-74
7202,-74
7203,-74
7204,-77
7205,-74
7206,-74
7207,-78
7208,-74
7209,-74
7210,-65
7211,-155
7212,-32
7213,-32
7214,-32
7215,-32
7216,-32
7217,-154
7218,-181
7219,-126
7220,-58
7221,-225
7222,-225
7223,-226
7224,-225
7225,-225
7226,-201
7227,-226
7228,-222
7229,-176
7230,-225
7231,-165
7232,-123
7233,-180
7234,-180
7235,-163
7236,-225
7237,-227
7238,-225
7239,-180
7240,-225
7241,-225
7242,-225
7243,-135
7244,-225
7245,-225
7246,-101
7247,-225
7248,-225
7249,-225
7250,-222
7251,-88
7252,-113
7253,-113
7254,-100
7255,-100
7256,-55
7257,-100
7258,-100
7259,-102
7260,-100
7261,-100
7262,-225
7263,-225
7264,-225
7265,-225
7266,-198
7267,-225
7268,-201
7269,-225
7270,-127
7271,-225
7272,-108
7273,-190
7274,-119
7275,-210
7276,-69
7277,-92
7278,-94
7279,-71
7280,-71
7281,-81
7282,-71
7283,-173
7284,-99
7285,-100
7286,-60
7287,-100
7288,-80
7289,-100
7290,-100
7291,-99
7292,-88
7293,-71
7294,-77
7295,-102
7296,-62
7297,-71
7298,-71
7299,-62
7300,-62
7301,-74
7302,-69
7303,-91
7304,-71
7305,-113
7306,-77
7307,-62
7308,-70
7309,-81
7310,-71
7311,-71
7312,-96
7313,-71
7314,-81
7315,-101
7316,-90
7317,-101
7318,-91
7319,-101
7320,-225
7321,-225
7322,-225
7323,-115
7324,-225
7325,-59
7326,-225
7327,-225
7328,-176
7329,-225
7330,-85
7331,-199
7332,-225
7333,-225
7334,-188
7335,-54
7336,-225
7337,-64
7338,-225
7339,-149
7340,-225
7341,-225
7342,-102
7343,-225
7344,-211
7345,-93
7346,-225
7347,-217
7348,-225
7349,-225
7350,-190
7351,-187
7352,-225
7353,-225
7354,-175
7355,-225
7356,-190
7357,-107
7358,-71
7359,-84
7360,-225
7361,-225
7362,-225
7363,-225
7364,-225
7365,-225
7366,-225
7367,-221
7368,-225
7369,-225
7370,-71
7371,-71
7372,-97
7373,-71
7374,-50
7375,-71
7376,-85
7377,-71
7378,-71
7379,-91
7380,-73
7381,-71
7382,-71
7383,-73
7384,-62
7385,-79
7386,-71
7387,-69
7388,-81
7389,-71
7390,-85
7391,-71
7392,-86
7393,-70
7394,-71
7395,-71
7396,-81
7397,-131
7398,-161
7399,-172
7400,-225
7401,-149
7402,-217
7403,-225
7404,-222
7405,-215
7406,-225
7407,-225
7408,-225
7409,-225
7410,-152
7411,-225
7412,-170
7413,-122
7414,-225
7415,-225
7416,-225
7417,-225
7418,-66
7419,-225
7420,-201
7421,-225
7422,-170
7423,-225
7424,-225
7425,-189
7426,-225
7427,-211
7428,-225
7429,-225
7430,-154
7431,-188
7432,-103
7433,-225
7434,-225
7435,-109
7436,-225
7437,-70
7438,-217
7439,-225
7440,-225
7441,-159
7442,-225
7443,-225
7444,-225
7445,-178
7446,-226
7447,-217
7448,-89
7449,-206
7450,-225
7451,-225
7452,-59
7453,-225
7454,-226
7455,-225
7456,-190
7457,-225
7458,-90
7459,-165
7460,-129
7461,-127
7462,-225
7463,-64
7464,-225
7465,-141
7466,-225
7467,-225
7468,-225
7469,-159
7470,-225
7471,-225
7472,-225
7473,-102
7474,-225
7475,-225
7476,-206
7477,-225
7478,-225
7479,-225
7480,-225
7481,-225
7482,-83
7483,-225
7484,-225
7485,-225
7486,-136
7487,-225
7488,-134
7489,-225
7490,-94
7491,-206
7492,-225
7493,-225
7494,-71
7495,-71
7496,-71
7497,-132
7498,-71
7499,-71
7500,-71
7501,-71
7502,-71
7503,-110
7504,-71
7505,-116
7506,-71
7507,-71
7508,-81
7509,-71
7510,-71
7511,-71
7512,-59
7513,-71
7514,-73
7515,-71
7516,-71
7517,-71
7518,-71
7519,-98
7520,-73
7521,-71
7522,-71
7523,-71
7524,-71
7525,-85
7526,-71
7527,-94
7528,-71
7529,-71
7530,-71
7531,-71
7532,-71
7533,-71
7534,-71
7535,-92
7536,-59
7537,-71
7538,-71
7539,-70
7540,-71
7541,-71
7542,-71
7543,-59
7544,-71
7545,-71
7546,-71
7547,-87
7548,-71
7549,-71
7550,-71
7551,-81
7552,-59
7553,-111
7554,-71
7555,-71
7556,-71
7557,-80
7558,-71
7559,-115
7560,-71
7561,-74
7562,-71
7563,-79
7564,-96
7565,-75
7566,-71
7567,-107
7568,-71
7569,-71
7570,-71
7571,-71
7572,-71
7573,-73
7574,-71
7575,-71
7576,-71
7577,-79
7578,-71
7579,-71
7580,-160
7581,-71
7582,-71
7583,-71
7584,-71
7585,-71
7586,-71
7587,-101
7588,-79
7589,-92
7590,-96
7591,-71
7592,-83
7593,-225
7594,-86
7595,-226
7596,-226
7597,-134
7598,-222
7599,-225
7600,-181
7601,-225
7602,-125
7603,-134
7604,-225
7605,-225
7606,-225
7607,-225
7608,-225
7609,-225
7610,-217
7611,-59
7612,-69
7613,-225
7614,-200
7615,-225
7616,-225
7617,-225
7618,-225
7619,-225
7620,-225
7621,-147
7622,-225
7623,-225
7624,-225
7625,-225
7626,-154
7627,-136
7628,-225
7629,-181
7630,-225
7631,-50
7632,-71
7633,-152
7634,-225
7635,-225
7636,-225
7637,-225
7638,-221
7639,-225
7640,-225
7641,-225
7642,-225
7643,-225
7644,-133
7645,-225
7646,-225
7647,-225
7648,-190
7649,-226
7650,-225
7651,-225
7652,-138
7653,-225
7654,-225
7655,-210
7656,-225
7657,-225
7658,-225
7659,-225
7660,-225
7661,-225
7662,-225
7663,-225
7664,-221
7665,-225
7666,-210
7667,-225
7668,-84
7669,-225
7670,-46
7671,-225
7672,-134
7673,-225
7674,-79
7675,-62
7676,-225
7677,-225
7678,-225
7679,-225
7680,-147
7681,-225
7682,-225
7683,-225
7684,-93
7685,-225
7686,-225
7687,-225
7688,-225
7689,-225
7690,-201
7691,-225
7692,-226
7693,-225
7694,-33
7695,-225
7696,-225
7697,-225
7698,-225
7699,-122
7700,-225
7701,-225
7702,-226
7703,-225
7704,-225
7705,-225
7706,-225
7707,-139
7708,-92
7709,-225
7710,-225
7711,-225
7712,-225
7713,-225
7714,-226
7715,-225
7716,-206
7717,-225
7718,-225
7719,-35
7720,-159
7721,-225
7722,-225
7723,-225
7724,-69
7725,-225
7726,-91
7727,-71
7728,-71
7729,-129
7730,-71
7731,-71
7732,-81
7733,-71
7734,-58
7735,-71
7736,-71
7737,-71
7738,-71
7739,-71
7740,-71
7741,-71
7742,-71
7743,-71
7744,-81
7745,-71
7746,-80
7747,-86
7748,-78
7749,-71
7750,-110
7751,-71
7752,-74
7753,-71
7754,-71
7755,-71
7756,-78
7757,-71
7758,-71
7759,-71
7760,-92
7761,-71
7762,-71
7763,-59
7764,-71
7765,-71
7766,-71
7767,-71
7768,-91
7769,-71
7770,-71
7771,-71
7772,-71
7773,-71
7774,-71
7775,-71
7776,-71
7777,-71
7778,-71
7779,-71
7780,-59
7781,-59
7782,-59
7783,-74
7784,-59
7785,-59
7786,-59
7787,-72
7788,-59
7789,-59
7790,-59
7791,-59
7792,-59
7793,-59
7794,-59
7795,-109
7796,-73
7797,-113
7798,-69
7799,-59
7800,-59
7801,-59
7802,-59
7803,-71
7804,-59
7805,-59
7806,-59
7807,-59
7808,-59
7809,-79
7810,-59
7811,-211
7812,-113
7813,-110
7814,-113
7815,-113
7816,-113
7817,-113
7818,-113
7819,-64
7820,-113
7821,-112
7822,-117
7823,-113
7824,-113
7825,-113
7826,-113
7827,-113
7828,-74
7829,-77
7830,-77
7831,-123
7832,-109
7833,-113
7834,-113
7835,-109
7836,-113
7837,-109
7838,-113
7839,-104
7840,-113
7841,-35
7842,-103
7843,-113
7844,-103
7845,-103
7846,-102
7847,-113
7848,-113
7849,-113
7850,-113
7851,-113
7852,-91
7853,-108
7854,-103
7855,-128
7856,-113
7857,-100
7858,-103
7859,-113
7860,-55
7861,-109
7862,-113
7863,-84
7864,-66
7865,-112
7866,-113
7867,-35
7868,-113
7869,-113
7870,-113
7871,-90
7872,-113
7873,-113
7874,-113
7875,-113
7876,-113
7877,-113
7878,-113
7879,-107
7880,-100
7881,-112
7882,-113
7883,-113
7884,-113
7885,-100
7886,-113
7887,-113
7888,-113
7889,-113
7890,-113
7891,-119
7892,-113
7893,-113
7894,-105
7895,-113
7896,-113
7897,-109
7898,-113
7899,-113
7900,-113
7901,-113
7902,-113
7903,-113
7904,-113
7905,-113
7906,-113
7907,-113
7908,-113
7909,-112
7910,-113
7911,-113
7912,-109
7913,-113
7914,-108
7915,-133
7916,-113
7917,-113
7918,-113
7919,-112
7920,-84
7921,-113
7922,-83
7923,-113
7924,-113
7925,-35
7926,-81
7927,-113
7928,-113
7929,-112
7930,-77
7931,-62
7932,-92
7933,-77
7934,-77
7935,-71
7936,-77
7937,-77
7938,-77
7939,-77
7940,-77
7941,-77
7942,-67
7943,-77
7944,-57
7945,-77
7946,-77
7947,-77
7948,-77
7949,-53
7950,-71
7951,-77
7952,-77
7953,-77
7954,-77
7955,-54
7956,-77
7957,-77
7958,-77
7959,-77
7960,-77
7961,-77
7962,-77
7963,-77
7964,-77
7965,-77
7966,-91
7967,-77
7968,-77
7969,-81
7970,-77
7971,-55
7972,-77
7973,-77
7974,-77
7975,-77
7976,-77
7977,-77
7978,-77
7979,-77
7980,-53
7981,-56
7982,-77
7983,-77
7984,-77
7985,-77
7986,-159
7987,-77
7988,-77
7989,-77
7990,-77
7991,-77
7992,-74
7993,-77
7994,-77
7995,-77
7996,-77
7997,-77
7998,-77
7999,-78
8000,-77
8001,-77
8002,-77
8003,-77
8004,-61
8005,-77
8006,-77
8007,-66
8008,-77
8009,-77
8010,-123
8011,-103
8012,-109
8013,-103
8014,-103
8015,-104
8016,-103
8017,-80
8018,-103
8019,-108
8020,-75
8021,-74
8022,-103
8023,-103
8024,-76
8025,-109
8026,-117
8027,-103
8028,-103
8029,-103
8030,-103
8031,-103
8032,-88
8033,-103
8034,-98
8035,-103
8036,-74
8037,-103
8038,-103
8039,-103
8040,-113
8041,-103
8042,-103
8043,-103
8044,-104
8045,-103
8046,-103
8047,-103
8048,-103
8049,-103
8050,-103
8051,-104
8052,-78
8053,-103
8054,-103
8055,-90
8056,-59
8057,-103
8058,-103
8059,-102
8060,-103
8061,-103
8062,-103
8063,-104
8064,-103
8065,-86
8066,-103
8067,-103
8068,-103
8069,-100
8070,-35
8071,-103
8072,-104
8073,-103
8074,-103
8075,-103
8076,-103
8077,-103
8078,-59
8079,-59
8080,-59
8081,-59
8082,-59
8083,-59
8084,-59
8085,-59
8086,-113
8087,-98
8088,-59
8089,-59
8090,-59
8091,-59
8092,-146
8093,-105
8094,-115
8095,-65
8096,-65
8097,-65
8098,-65
8099,-65
8100,-65
8101,-65
8102,-65
8103,-65
8104,-65
8105,-65
8106,-75
8107,-65
8108,-65
8109,-65
8110,-65
8111,-65
8112,-65
8113,-65
8114,-59
8115,-65
8116,-65
8117,-65
8118,-65
8119,-65
8120,-65
8121,-65
8122,-65
8123,-65
8124,-65
8125,-35
8126,-65
8127,-65
8128,-65
8129,-65
8130,-65
8131,-65
8132,-65
8133,-65
8134,-65
8135,-65
8136,-65
8137,-65
8138,-65
8139,-65
8140,-65
8141,-65
8142,-65
8143,-65
8144,-65
8145,-53
8146,-65
8147,-114
8148,-65
8149,-65
8150,-127
8151,-129
8152,-129
8153,-129
8154,-129
8155,-129
8156,-93
8157,-129
8158,-129
8159,-129
8160,-129
8161,-88
8162,-73
8163,-65
8164,-62
8165,-65
8166,-91
8167,-65
8168,-65
8169,-65
8170,-65
8171,-93
8172,-65
8173,-65
8174,-65
8175,-65
8176,-53
8177,-65
8178,-62
8179,-65
8180,-65
8181,-65
8182,-65
8183,-65
8184,-75
8185,-65
8186,-65
8187,-65
8188,-65
8189,-65
8190,-65
8191,-65
8192,-65
8193,-65
8194,-65
8195,-65
8196,-65
8197,-91
8198,-65
8199,-106
8200,-89
8201,-91
8202,-91
8203,-65
8204,-91
8205,-64
8206,-65
8207,-65
8208,-65
8209,-101
8210,-105
8211,-91
8212,-65
8213,-65
8214,-65
8215,-65
8216,-91
8217,-65
8218,-65
8219,-77
8220,-91
8221,-80
8222,-53
8223,-99
8224,-91
8225,-65
8226,-91
8227,-91
8228,-91
8229,-95
8230,-79
8231,-65
8232,-82
8233,-91
8234,-95
8235,-91
8236,-88
8237,-86
8238,-91
8239,-91
8240,-95
8241,-91
8242,-118
8243,-93
8244,-94
8245,-98
8246,-95
8247,-95
8248,-113
8249,-86
8250,-116
8251,-94
8252,-93
8253,-91
8254,-84
8255,-91
8256,-117
8257,-74
8258,-74
8259,-87
8260,-127
8261,-68
8262,-65
8263,-74
8264,-65
8265,-97
8266,-65
8267,-65
8268,-109
8269,-65
8270,-65
8271,-65
8272,-107
8273,-129
8274,-65
8275,-65
8276,-65
8277,-65
8278,-65
8279,-65
8280,-65
8281,-65
8282,-92
8283,-65
8284,-92
8285,-211
8286,-91
8287,-91
8288,-95
8289,-90
8290,-96
8291,-91
8292,-91
8293,-91
8294,-96
8295,-91
8296,-91
8297,-91
8298,-92
8299,-91
8300,-94
8301,-94
8302,-91
8303,-91
8304,-91
8305,-98
8306,-93
8307,-91
8308,-96
8309,-91
8310,-141
8311,-49
8312,-81
8313,-49
8314,-49
8315,-49
8316,-95
8317,-81
8318,-60
8319,-49
8320,-108
8321,-49
8322,-49
8323,-49
8324,-90
8325,-49
8326,-49
8327,-101
8328,-65
8329,-65
8330,-49
8331,-49
8332,-49
8333,-49
8334,-61
8335,-57
8336,-49
8337,-101
8338,-49
8339,-65
8340,-99
8341,-65
8342,-49
8343,-49
8344,-65
8345,-65
8346,-65
8347,-65
8348,-112
8349,-78
8350,-61
8351,-65
8352,-65
8353,-65
8354,-65
8355,-49
8356,-80
8357,-49
8358,-49
8359,-87
8360,-100
8361,-49
8362,-49
8363,-53
8364,-65
8365,-53
8366,-61
8367,-88
8368,-90
8369,-100
8370,-61
8371,-49
8372,-80
8373,-49
8374,-65
8375,-49
8376,-49
8377,-93
8378,-49
8379,-49
8380,-53
8381,-49
8382,-49
8383,-100
8384,-49
8385,-65
8386,-70
8387,-74
8388,-65
8389,-80
8390,-211
8391,-49
8392,-60
8393,-49
8394,-49
8395,-49
8396,-49
8397,-49
8398,-93
8399,-61
8400,-61
8401,-61
8402,-49
8403,-49
8404,-49
8405,-49
8406,-61
8407,-49
8408,-59
8409,-49
8410,-49
8411,-65
8412,-49
8413,-95
8414,-120
8415,-65
8416,-53
8417,-65
8418,-92
8419,-65
8420,-65
8421,-65
8422,-65
8423,-110
8424,-65
8425,-65
8426,-65
8427,-65
8428,-65
8429,-65
8430,-65
8431,-65
8432,-65
8433,-65
8434,-65
8435,-53
8436,-65
8437,-53
8438,-65
8439,-65
8440,-65
8441,-65
8442,-109
8443,-65
8444,-55
8445,-65
8446,-65
8447,-65
8448,-65
8449,-65
8450,-65
8451,-65
8452,-93
8453,-53
8454,-55
8455,-65
8456,-65
8457,-65
8458,-65
8459,-65
8460,-65
8461,-65
8462,-65
8463,-65
8464,-91
8465,-65
8466,-63
8467,-65
8468,-65
8469,-65
8470,-65
8471,-65
8472,-65
8473,-65
8474,-65
8475,-65
8476,-65
8477,-65
8478,-65
8479,-65
8480,-60
8481,-65
8482,-65
8483,-65
8484,-65
8485,-65
8486,-65
8487,-65
8488,-65
8489,-65
8490,-65
8491,-65
8492,-65
8493,-65
8494,-65
8495,-65
8496,-91
8497,-65
8498,-65
8499,-72
8500,-65
8501,-65
8502,-65
8503,-65
8504,-65
8505,-65
8506,-65
8507,-65
8508,-65
8509,-65
8510,-65
8511,-65
8512,-76
8513,-65
8514,-65
8515,-65
8516,-101
8517,-65
8518,-65
8519,-65
8520,-65
8521,-65
8522,-65
8523,-65
8524,-65
8525,-65
8526,-65
8527,-53
8528,-53
8529,-97
8530,-65
8531,-53
8532,-79
8533,-65
8534,-65
8535,-65
8536,-122
8537,-98
8538,-91
8539,-91
8540,-63
8541,-65
8542,-80
8543,-91
8544,-91
8545,-91
8546,-98
8547,-91
8548,-91
8549,-91
8550,-91
8551,-91
8552,-92
8553,-91
8554,-91
8555,-91
8556,-91
8557,-91
8558,-91
8559,-91
8560,-91
8561,-95
8562,-91
8563,-65
8564,-91
8565,-91
8566,-91
8567,-91
8568,-91
8569,-91
8570,-91
8571,-73
8572,-91
8573,-91
8574,-91
8575,-91
8576,-91
8577,-91
8578,-226
8579,-216
8580,-225
8581,-225
8582,-134
8583,-225
8584,-225
8585,-225
8586,-225
8587,-225
8588,-76
8589,-225
8590,-225
8591,-225
8592,-74
8593,-225
8594,-166
8595,-225
8596,-151
8597,-225
8598,-225
8599,-225
8600,-89
8601,-225
8602,-225
8603,-225
8604,-225
8605,-225
8606,-225
8607,-225
8608,-225
8609,-225
8610,-225
8611,-225
8612,-225
8613,-226
8614,-225
8615,-225
8616,-225
8617,-225
8618,-225
8619,-225
8620,-225
8621,-225
8622,-225
8623,-89
8624,-225
8625,-225
8626,-225
8627,-225
8628,-46
8629,-111
8630,-225
8631,-225
8632,-97
8633,-225
8634,-210
8635,-225
8636,-151
8637,-225
8638,-117
8639,-61
8640,-125
8641,-226
8642,-171
8643,-225
8644,-225
8645,-225
8646,-225
8647,-225
8648,-225
8649,-225
8650,-59
8651,-225
8652,-225
8653,-225
8654,-225
8655,-199
8656,-65
8657,-91
8658,-91
8659,-91
8660,-91
8661,-89
8662,-91
8663,-91
8664,-91
8665,-91
8666,-91
8667,-91
8668,-91
8669,-91
8670,-91
8671,-91
8672,-91
8673,-91
8674,-91
8675,-91
8676,-91
8677,-91
8678,-91
8679,-90
8680,-91
8681,-93
8682,-91
8683,-91
8684,-91
8685,-97
8686,-97
8687,-97
8688,-97
8689,-97
8690,-97
8691,-97
8692,-97
8693,-97
8694,-57
8695,-97
8696,-97
8697,-95
8698,-91
8699,-95
8700,-107
8701,-86
8702,-91
8703,-89
8704,-91
8705,-91
8706,-91
8707,-91
8708,-91
8709,-91
8710,-91
8711,-91
8712,-91
8713,-101
8714,-134
8715,-104
8716,-225
8717,-59
8718,-225
8719,-225
8720,-225
8721,-178
8722,-46
8723,-225
8724,-225
8725,-225
8726,-225
8727,-91
8728,-225
8729,-225
8730,-225
8731,-225
8732,-225
8733,-225
8734,-225
8735,-225
8736,-201
8737,-156
8738,-225
8739,-225
8740,-58
8741,-225
8742,-225
8743,-104
8744,-225
8745,-225
8746,-225
8747,-225
8748,-225
8749,-225
8750,-226
8751,-225
8752,-225
8753,-194
8754,-225
8755,-225
8756,-225
8757,-225
8758,-225
8759,-225
8760,-225
8761,-225
8762,-225
8763,-225
8764,-211
8765,-91
8766,-111
8767,-91
8768,-91
8769,-154
8770,-91
8771,-91
8772,-91
8773,-50
8774,-91
8775,-91
8776,-91
8777,-91
8778,-91
8779,-91
8780,-91
8781,-91
8782,-91
8783,-88
8784,-91
8785,-70
8786,-91
8787,-91
8788,-91
8789,-91
8790,-91
8791,-74
8792,-91
8793,-91
8794,-91
8795,-77
8796,-84
8797,-211
8798,-84
8799,-84
8800,-84
8801,-84
8802,-84
8803,-84
8804,-84
8805,-84
8806,-91
8807,-91
8808,-101
8809,-91
8810,-91
8811,-91
8812,-91
8813,-91
8814,-91
8815,-50
8816,-91
8817,-91
8818,-91
8819,-91
8820,-91
8821,-91
8822,-91
8823,-91
8824,-91
8825,-89
8826,-91
8827,-91
8828,-91
8829,-91
8830,-91
8831,-91
8832,-91
8833,-91
8834,-67
8835,-91
8836,-91
8837,-91
8838,-91
8839,-91
8840,-91
8841,-91
8842,-58
8843,-91
8844,-91
8845,-103
8846,-86
8847,-82
8848,-86
8849,-86
8850,-86
8851,-87
8852,-75
8853,-86
8854,-91
8855,-91
8856,-91
8857,-91
8858,-91
8859,-97
8860,-91
8861,-91
8862,-91
8863,-91
8864,-91
8865,-91
8866,-91
8867,-91
8868,-91
8869,-70
8870,-91
8871,-90
8872,-57
8873,-91
8874,-91
8875,-91
8876,-91
8877,-91
8878,-91
8879,-91
8880,-91
8881,-97
8882,-91
8883,-91
8884,-91
8885,-91
8886,-91
8887,-91
8888,-91
8889,-91
8890,-91
8891,-58
8892,-109
8893,-210
8894,-45
8895,-85
8896,-81
8897,-82
8898,-81
8899,-74
8900,-96
8901,-109
8902,-88
8903,-76
8904,-76
8905,-119
8906,-225
8907,-225
8908,-225
8909,-225
8910,-74
8911,-225
8912,-225
8913,-134
8914,-211
8915,-225
8916,-225
8917,-225
8918,-225
8919,-225
8920,-225
8921,-107
8922,-222
8923,-225
8924,-225
8925,-225
8926,-181
8927,-225
8928,-225
8929,-225
8930,-225
8931,-225
8932,-76
8933,-76
8934,-79
8935,-76
8936,-76
8937,-76
8938,-76
8939,-76
8940,-76
8941,-91
8942,-76
8943,-76
8944,-76
8945,-76
8946,-76
8947,-76
8948,-76
8949,-80
8950,-76
8951,-79
8952,-76
8953,-76
8954,-76
8955,-76
8956,-76
8957,-76
8958,-76
8959,-76
8960,-76
8961,-76
8962,-76
8963,-76
8964,-76
8965,-76
8966,-64
8967,-76
8968,-76
8969,-75
8970,-78
8971,-76
8972,-76
8973,-64
8974,-63
8975,-76
8976,-76
8977,-76
8978,-76
8979,-76
8980,-76
8981,-76
8982,-76
8983,-76
8984,-76
8985,-76
8986,-76
8987,-76
8988,-76
8989,-96
8990,-76
8991,-76
8992,-76
8993,-76
8994,-76
8995,-76
8996,-108
8997,-76
8998,-76
8999,-76
9000,-76
9001,-76
9002,-76
9003,-76
9004,-76
9005,-76
9006,-104
9007,-89
9008,-76
9009,-76
9010,-76
9011,-76
9012,-76
9013,-76
9014,-76
9015,-76
9016,-79
9017,-76
9018,-76
9019,-76
9020,-76
9021,-76
9022,-76
9023,-76
9024,-109
9025,-76
9026,-76
9027,-76
9028,-76
9029,-76
9030,-76
9031,-76
9032,-76
9033,-76
9034,-76
9035,-86
9036,-76
9037,-76
9038,-76
9039,-61
9040,-76
9041,-76
9042,-76
9043,-76
9044,-76
9045,-76
9046,-72
9047,-76
9048,-80
9049,-76
9050,-70
9051,-76
9052,-57
9053,-76
9054,-76
9055,-81
9056,-76
9057,-67
9058,-76
9059,-76
9060,-76
9061,-76
9062,-103
9063,-101
9064,-91
9065,-77
9066,-100
9067,-91
9068,-91
9069,-79
9070,-84
9071,-91
9072,-91
9073,-91
9074,-90
9075,-91
9076,-91
9077,-91
9078,-91
9079,-105
9080,-91
9081,-91
9082,-91
9083,-91
9084,-91
9085,-91
9086,-91
9087,-91
9088,-97
9089,-91
9090,-91
9091,-91
9092,-91
9093,-91
9094,-91
9095,-51
9096,-89
9097,-81
9098,-91
9099,-91
9100,-91
9101,-91
9102,-90
9103,-91
9104,-123
9105,-91
9106,-91
9107,-91
9108,-91
9109,-91
9110,-91
9111,-91
9112,-101
9113,-92
9114,-85
9115,-91
9116,-77
9117,-91
9118,-91
9119,-91
9120,-91
9121,-91
9122,-91
9123,-91
9124,-89
9125,-91
9126,-56
9127,-91
9128,-91
9129,-91
9130,-91
9131,-91
9132,-91
9133,-91
9134,-91
9135,-91
9136,-91
9137,-91
9138,-91
9139,-91
9140,-91
9141,-91
9142,-50
9143,-97
9144,-91
9145,-90
9146,-91
9147,-91
9148,-91
9149,-91
9150,-74
9151,-91
9152,-84
9153,-91
9154,-91
9155,-91
9156,-90
9157,-91
9158,-91
9159,-91
9160,-91
9161,-91
9162,-104
9163,-91
9164,-91
9165,-91
9166,-91
9167,-91
9168,-91
9169,-91
9170,-91
9171,-91
9172,-97
9173,-89
9174,-60
9175,-60
9176,-60
9177,-60
9178,-60
9179,-60
9180,-60
9181,-64
9182,-60
9183,-60
9184,-60
9185,-60
9186,-60
9187,-60
9188,-60
9189,-60
9190,-60
9191,-72
9192,-60
9193,-60
9194,-60
9195,-60
9196,-60
9197,-60
9198,-60
9199,-60
9200,-60
9201,-60
9202,-60
9203,-60
9204,-62
9205,-60
9206,-60
9207,-60
9208,-60
9209,-60
9210,-106
9211,-60
9212,-60
9213,-84
9214,-60
9215,-60
9216,-60
9217,-60
9218,-60
9219,-60
9220,-60
9221,-60
9222,-60
9223,-60
9224,-60
9225,-60
9226,-60
9227,-60
9228,-60
9229,-60
9230,-60
9231,-60
9232,-60
9233,-60
9234,-60
9235,-60
9236,-60
9237,-60
9238,-60
9239,-60
9240,-60
9241,-60
9242,-60
9243,-60
9244,-60
9245,-60
9246,-60
9247,-60
9248,-60
9249,-60
9250,-57
9251,-60
9252,-60
9253,-60
9254,-60
9255,-60
9256,-60
9257,-60
9258,-58
9259,-84
9260,-84
9261,-84
9262,-84
9263,-84
9264,-84
9265,-84
9266,-84
9267,-84
9268,-84
9269,-83
9270,-84
9271,-84
9272,-99
9273,-69
9274,-84
9275,-84
9276,-51
9277,-84
9278,-95
9279,-84
9280,-84
9281,-84
9282,-131
9283,-60
9284,-60
9285,-60
9286,-60
9287,-60
9288,-60
9289,-60
9290,-77
9291,-60
9292,-60
9293,-60
9294,-60
9295,-60
9296,-60
9297,-60
9298,-60
9299,-60
9300,-64
9301,-60
9302,-60
9303,-60
9304,-60
9305,-60
9306,-64
9307,-60
9308,-60
9309,-60
9310,-60
9311,-60
9312,-60
9313,-60
9314,-60
9315,-60
9316,-60
9317,-60
9318,-60
9319,-60
9320,-60
9321,-60
9322,-60
9323,-60
9324,-60
9325,-60
9326,-60
9327,-60
9328,-60
9329,-60
9330,-60
9331,-60
9332,-60
9333,-60
9334,-60
9335,-60
9336,-60
9337,-69
9338,-225
9339,-217
9340,-217
9341,-225
9342,-225
9343,-223
9344,-225
9345,-136
9346,-225
9347,-225
9348,-74
9349,-225
9350,-225
9351,-225
9352,-226
9353,-225
9354,-225
9355,-222
9356,-225
9357,-225
9358,-225
9359,-225
9360,-225
9361,-225
9362,-225
9363,-225
9364,-225
9365,-225
9366,-225
9367,-225
9368,-138
9369,-225
9370,-225
9371,-225
9372,-225
9373,-225
9374,-225
9375,-104
9376,-225
9377,-225
9378,-225
9379,-84
9380,-225
9381,-225
9382,-225
9383,-225
9384,-225
9385,-225
9386,-159
9387,-225
9388,-225
9389,-164
9390,-225
9391,-225
9392,-225
9393,-225
9394,-106
9395,-225
9396,-225
9397,-225
9398,-225
9399,-225
9400,-225
9401,-225
9402,-193
9403,-225
9404,-121
9405,-225
9406,-225
9407,-225
9408,-225
9409,-225
9410,-225
9411,-225
9412,-225
9413,-104
9414,-215
9415,-225
9416,-225
9417,-225
9418,-225
9419,-225
9420,-225
9421,-220
9422,-83
9423,-83
9424,-85
9425,-83
9426,-83
9427,-83
9428,-83
9429,-83
9430,-69
9431,-83
9432,-84
9433,-83
9434,-83
9435,-83
9436,-83
9437,-83
9438,-66
9439,-83
9440,-84
9441,-83
9442,-83
9443,-83
9444,-83
9445,-83
9446,-83
9447,-83
9448,-82
9449,-78
9450,-83
9451,-83
9452,-86
9453,-82
9454,-83
9455,-83
9456,-83
9457,-82
9458,-83
9459,-83
9460,-83
9461,-83
9462,-83
9463,-83
9464,-76
9465,-82
9466,-83
9467,-83
9468,-83
9469,-84
9470,-83
9471,-81
9472,-83
9473,-83
9474,-83
9475,-83
9476,-83
9477,-83
9478,-83
9479,-83
9480,-83
9481,-83
9482,-83
9483,-83
9484,-83
9485,-83
9486,-83
9487,-83
9488,-83
9489,-83
9490,-83
9491,-82
9492,-83
9493,-83
9494,-83
9495,-83
9496,-84
9497,-83
9498,-82
9499,-83
9500,-83
9501,-83
9502,-83
9503,-83
9504,-83
9505,-83
9506,-83
9507,-83
9508,-83
9509,-83
9510,-69
9511,-225
9512,-225
9513,-225
9514,-104
9515,-225
9516,-225
9517,-225
9518,-225
9519,-225
9520,-225
9521,-225
9522,-225
9523,-225
9524,-74
9525,-225
9526,-83
9527,-225
9528,-225
9529,-225
9530,-225
9531,-225
9532,-225
9533,-225
9534,-225
9535,-226
9536,-225
9537,-225
9538,-225
9539,-225
9540,-225
9541,-225
9542,-225
9543,-225
9544,-226
9545,-225
9546,-225
9547,-225
9548,-225
9549,-136
9550,-225
9551,-210
9552,-225
9553,-225
9554,-225
9555,-225
9556,-225
9557,-225
9558,-225
9559,-181
9560,-225
9561,-225
9562,-151
9563,-225
9564,-225
9565,-225
9566,-225
9567,-225
9568,-83
9569,-225
9570,-225
9571,-225
9572,-225
9573,-47
9574,-225
9575,-174
9576,-225
9577,-207
9578,-70
9579,-225
9580,-225
9581,-225
9582,-44
9583,-225
9584,-225
9585,-225
9586,-121
9587,-46
9588,-225
9589,-225
9590,-226
9591,-225
9592,-164
9593,-225
9594,-225
9595,-225
9596,-225
9597,-179
9598,-225
9599,-225
9600,-225
9601,-225
9602,-225
9603,-225
9604,-225
9605,-114
9606,-225
9607,-225
9608,-225
9609,-225
9610,-225
9611,-225
9612,-225
9613,-225
9614,-225
9615,-225
9616,-225
9617,-225
9618,-225
9619,-225
9620,-225
9621,-225
9622,-225
9623,-225
9624,-225
9625,-166
9626,-225
9627,-152
9628,-225
9629,-226
9630,-225
9631,-225
9632,-225
9633,-104
9634,-225
9635,-194
9636,-149
9637,-225
9638,-225
9639,-225
9640,-225
9641,-225
9642,-225
9643,-225
9644,-161
9645,-225
9646,-151
9647,-225
9648,-225
9649,-225
9650,-225
9651,-225
9652,-225
9653,-225
9654,-225
9655,-225
9656,-134
9657,-226
9658,-225
9659,-182
9660,-225
9661,-225
9662,-225
9663,-225
9664,-166
9665,-225
9666,-144
9667,-104
9668,-225
9669,-61
9670,-225
9671,-225
9672,-225
9673,-225
9674,-225
9675,-225
9676,-225
9677,-225
9678,-225
9679,-225
9680,-225
9681,-225
9682,-225
9683,-225
9684,-225
9685,-225
9686,-225
9687,-225
9688,-225
9689,-225
9690,-225
9691,-225
9692,-225
9693,-225
9694,-225
9695,-225
9696,-225
9697,-225
9698,-225
9699,-225
9700,-225
9701,-225
9702,-225
9703,-225
9704,-225
9705,-89
9706,-225
9707,-225
9708,-175
9709,-225
9710,-146
9711,-177
9712,-225
9713,-225
9714,-225
9715,-225
9716,-225
9717,-215
9718,-225
9719,-225
9720,-225
9721,-225
9722,-225
9723,-115
9724,-225
9725,-225
9726,-225
9727,-225
9728,-101
9729,-225
9730,-225
9731,-223
9732,-225
9733,-225
9734,-225
9735,-225
9736,-147
9737,-225
9738,-225
9739,-225
9740,-225
9741,-225
9742,-225
9743,-225
9744,-225
9745,-225
9746,-225
9747,-225
9748,-225
9749,-225
9750,-130
9751,-206
9752,-225
9753,-225
9754,-225
9755,-225
9756,-225
9757,-225
9758,-225
9759,-225
9760,-225
9761,-225
9762,-225
9763,-225
9764,-225
9765,-61
9766,-225
9767,-225
9768,-225
9769,-225
9770,-225
9771,-225
9772,-225
9773,-225
9774,-134
9775,-89
9776,-225
9777,-225
9778,-225
9779,-225
9780,-225
9781,-225
9782,-225
9783,-225
9784,-225
9785,-225
9786,-179
9787,-225
9788,-225
9789,-225
9790,-225
9791,-61
9792,-225
9793,-226
9794,-225
9795,-226
9796,-225
9797,-134
9798,-225
9799,-225
9800,-225
9801,-225
9802,-225
9803,-225
9804,-225
9805,-225
9806,-225
9807,-225
9808,-225
9809,-225
9810,-84
9811,-77
9812,-41
9813,-49
9814,-49
9815,-49
9816,-49
9817,-49
9818,-49
9819,-49
9820,-49
9821,-49
9822,-49
9823,-49
9824,-50
9825,-85
9826,-49
9827,-49
9828,-49
9829,-49
9830,-49
9831,-49
9832,-49
9833,-49
9834,-49
9835,-48
9836,-49
9837,-49
9838,-49
9839,-49
9840,-49
9841,-49
9842,-49
9843,-136
9844,-49
9845,-49
9846,-49
9847,-49
9848,-49
9849,-49
9850,-49
9851,-58
9852,-66
9853,-49
9854,-46
9855,-46
9856,-46
9857,-46
9858,-46
9859,-46
9860,-46
9861,-46
9862,-46
9863,-46
9864,-46
9865,-46
9866,-46
9867,-46
9868,-46
9869,-46
9870,-46
9871,-46
9872,-46
9873,-46
9874,-46
9875,-46
9876,-46
9877,-46
9878,-46
9879,-46
9880,-46
9881,-46
9882,-46
9883,-46
9884,-46
9885,-46
9886,-46
9887,-46
9888,-46
9889,-46
9890,-46
9891,-46
9892,-46
9893,-46
9894,-46
9895,-46
9896,-46
9897,-46
9898,-46
9899,-46
9900,-46
9901,-46
9902,-46
9903,-46
9904,-46
9905,-46
9906,-46
9907,-46
9908,-46
9909,-46
9910,-46
9911,-46
9912,-46
9913,-46
9914,-46
9915,-46
9916,-46
9917,-46
9918,-46
9919,-46
9920,-46
9921,-46
9922,-46
9923,-46
9924,-46
9925,-46
9926,-46
9927,-46
9928,-46
9929,-46
9930,-46
9931,-46
9932,-46
9933,-46
9934,-46
9935,-46
9936,-46
9937,-46
9938,-46
9939,-46
9940,-46
9941,-46
9942,-46
9943,-46
9944,-46
9945,-46
9946,-46
9947,-46
9948,-46
9949,-46
9950,-46
9951,-46
9952,-46
9953,-46
9954,-46
9955,-46
9956,-46
9957,-46
9958,-59
9959,-46
9960,-46
9961,-46
9962,-46
9963,-46
9964,-46
9965,-102
9966,-46
9967,-34
9968,-46
9969,-46
9970,-46
9971,-46
9972,-46
9973,-46
9974,-46
9975,-46
9976,-46
9977,-46
9978,-46
9979,-46
9980,-46
9981,-64
9982,-46
9983,-46
9984,-46
9985,-46
9986,-46
9987,-46
9988,-46
9989,-46
9990,-46
9991,-46
9992,-46
9993,-46
9994,-46
9995,-46
9996,-46
9997,-46
9998,-46
9999,-46
